artTitle,artDate,artTime,artUrl,artPoster,artCat,commentNum,push,boo,sentence
[其他]明日的COVAX疫苗由華航運送,2021/4/3,10:53:08,https://www.ptt.cc/bbs/Stock/M.1617447190.A.AB0.html,CavendishJr,Stock,76,48,3,"-
1.發文前請先詳閱[其他]分類發文規範，未依規範發文將受處份。
按ctrl+y可刪除以上內容。-
https://youtu.be/e5mVjaruW7M
指揮中心臨時記者會宣布

明日上午COVAX分配的

19.92萬劑AZ疫苗

由韓國製造

並運送至荷蘭進行分配

陳時中表示

COVAX這一兩天才通知

且由華航運送

飛機現已起飛

得知消息才召開記者會報告

我方有通知COVAX

以後希望盡量由華航來運送"
[標的]2610華航多箱型突破飛高高,2021/4/8,14:01:27,https://www.ptt.cc/bbs/Stock/M.1617890489.A.1DC.html,kace111512,Stock,12,9,0,"1. 標的： 2610 華航
(例 2330 台積電)
2. 分類：多

3. 分析/正文：

【技術面】：
https://i.imgur.com/wE77M8P.jpg
今日（4／8）大紅棒突破箱型表態

【籌碼面】：
https://i.imgur.com/NPxKtCf.jpg
投信持續在15－16區間買超大量布局

【消息面】：聽聽就好，僅供參考
https://i.imgur.com/tmtuqJ8.jpg
4. 進退場機制：剛突破隨時進場
停利：19.5  （保守估計20％）
停損：15 （盤整區間支撐）

週末觀察大戶持有率
表態後下禮拜漲幅不如預期，換標
https://i.imgur.com/OHwGVfI.jpg
(非長期投資者，必須有停損機制。請益免填)
我比較想讓大家安全賺錢"
[其他]2610華航三月月增26.18%,2021/4/12,08:48:32,https://www.ptt.cc/bbs/Stock/M.1618217314.A.3C8.html,hankwanghow,Stock,147,103,0,"https://i.imgur.com/9adGz15.jpg
華航出來了

三月104e

有沒有機會一飛沖天

變身戰鬥機

複製海運模式？"
[新聞]旅遊泡泡要吹了？華航宣布4月17日飛帛琉,2021/4/13,04:49:16,https://www.ptt.cc/bbs/Stock/M.1618289359.A.CE1.html,CavendishJr,Stock,157,90,5,"原文標題：旅遊泡泡要吹了？華航宣布4月17日飛帛琉航班直接取消
(請勿刪減原文標題)
原文連結：
https://bit.ly/3g4wKXs
(請善用縮網址工具)
發布時間：2021-04-13 12:01
(請以原文網頁/報紙之發布時間為準)
原文內容：


台帛旅遊泡泡買氣不理想，泡泡儼然快成為泡沫。日前更傳出有部分旅行社一度想退出，4
月下旬就「不玩了」。今天旅行社更收到華航通知，4月14日的飛帛琉航班取消，但空機去
接4月10日的旅客回台，4月17日航班則直接取消，業者就憂心，旅遊泡泡可能「快吹了」。


帛琉旅遊泡泡初期由華航執飛、每周兩班，首波合作旅行社包含雄獅、巨大、KKday、大榮
、五福、鳳凰等六家，不過因團費太高、出遊限制太多等因素，導致帛琉團買氣很差。


儘管華航日前表態，已主動調降機票價格，後續也會取消收取旅行社的訂位作業金，希望協
助旅行社加強銷售，業者態度軟化，決定「再賣賣看」，不過受到買氣太差影響，華航今天
向旅行社宣布航班取消消息。


旅行業者向本報證實，4月14日台北飛帛琉幾乎可以說是一張機票都沒有賣出去，今天接獲
華航通知，4月14日飛往帛琉航班取消，但會以空機載4月10日前往帛琉要返台的旅客，至於
4月17的航班則直接取消。後面航班則未獲通知。


鳳凰旅行社也說，確實這兩天賣況不是很理想，取消是可以的，畢竟還沒有成團，後面航班
也都還在銷售中。







心得/評論：                             ※必需填寫滿20字


被自己短視近利給玩死....

想不到一個泡泡

也能看到墾丁攤商式的隕落"
[新聞]華航看客運谷底復甦貨運需求熱絡穩定,2021/4/14,10:29:38,https://www.ptt.cc/bbs/Stock/M.1618396180.A.B71.html,kite6128,Stock,62,43,3,"2021/04/14 18:01
鉅亨網記者王莞甯 台北
——-

華航 (2610-TW) 今 (14) 日召開今年第一場法說會，公司表示，客運自去年 7 月起陸續回
復少量載客航班，漸從谷底緩步回升，而貨運市況持續看好，受客機停飛影響艙位供給，加
上空運需求熱絡，預期將是主要動能。
擢I，不過，自去年 7 月起陸續回復少量載客航班。
展望今年，華航表示，客運將視市場需求機動調整航線，包括以航網銜接角度維持核心航線
營運、依短期商務客需求或旅行泡泡航點逐步復飛及增班、集團品牌分工搶攻國內旅遊市場
，以及爭取各類包機業務等。
A配合北半球夏季旅遊旺季，並及時取消旅行限制，樂觀情況下全球客運運量較 2020 年將?
W長 13%，但仍僅是 2019 年的 38%。
機增班、貨運客機 (Preighter) 爭取貨運收入最大化，今年定期航班提升至每周 117 班，
增幅達 23%，並配合市場需求安排不定期加班機，以每周 120-125 班規模運行。
華航強調，將優先保障急貨、專案貨等高價貨源，並爭取中長期包機或包艙業務，穩固航班
裝載和營收動能。
截至第一季底，華航總機隊數共 83 架，包含客機為 62 架、貨機 21 架，其中的 43 架為
自有，而 40 架採租賃
—————
華航法說會的新聞終於出來了，不知道各位看了後覺得如何
Sent from JPTT on my iPhone"
[新聞]華航首度空運蜜蜂由南半球至北半球,2021/4/16,05:10:40,https://www.ptt.cc/bbs/Stock/M.1618549843.A.B81.html,cz031300,Stock,94,65,3,"原文標題：華航首度空運蜜蜂由南半球至北半球

原文連結：
https://news.pchome.com.tw/finance/infotimes/20210416/
index-16185451956803927003.html

發布時間：2021-04-16 11:53:15

原文內容：

華航(2610)4月首度承運「最迷你的嬌客」，載送活體蜜蜂由澳洲雪梨啟程，從南半球飛
越至北半球，經桃園機場轉機後前往目的地溫哥華，幫助加拿大哥倫比亞省各處的果園授
粉。
華航此次承接運送授粉蜜蜂的貨運任務，皆以A350-900客機腹艙執行，第一批蜜蜂於雪梨
時間4月7日啟程，由CI052航班自雪梨飛往台北（桃園），經過桃園機場轉機後，接續8日
CI032航班由台北（桃園）飛往目的地溫哥華。第一批蜜蜂送抵加拿大時備受關注，溫哥
華國際機場以「Un-bee-lievable」在官方推特及Instagram發布貼文，分享難得的貨運景
象。

華航對於精密儀器、活生動物、珍稀古物及大型機具等各類特殊貨物均有豐富運送經驗，
此次載運活體蜜蜂，除費時協助申請動植物來台過境檢疫許可之外，溫控管理是這項載運
任務的重要關鍵。華航依貨主要求，維持蜜蜂在低溫且通風運送環境，每批運送外箱皆以
乾冰調節環境溫度在攝氏2到8度間，貨艙也由機長恆溫控制在攝氏2到8度間，降低蜜蜂在
載運過程中的活動力，提高運送穩定度。
抵台轉機時，蜜蜂貨盤優先進入倉儲溫控區完成過境程序，貨運人員並持續補充乾冰，同
時掌握貨盤轉運時效，避免移轉過程受天候、濕度等影響，確保蜜蜂由秋天的南半球至春
天的北半球一路旅途順暢。配合華航營運班表規劃，第二批蜜蜂於台灣時間4月15日由
CI056班機運抵台，銜接當日CI032航班前往溫哥華；第三批蜜蜂預計下週安排載運。
華航客貨運航網遍及全球，飛航歐洲、北美、亞洲、紐澳等主要城市，華航表示，充分發
揮21架全貨機及62架客機效能，積極爭取更多空運商機。

心得/評論：

華航貨運越載越多 從載人變成載貨物 載疫苗 到現在載蜜蜂

冷鏈技術或他國肯定 看來結果是甚麼不用我說了 各位怎麼看"
Re:[標的]2610華航多箱型突破飛高高,2021/4/17,17:38:18,https://www.ptt.cc/bbs/Stock/M.1618681100.A.E06.html,kace111512,Stock,68,48,2,"大家週末愉快

華航股價順利站上18元大關
一週漲幅算是符合預期
12.6％
相信這禮拜上沖下洗，大家忐忑不安
不過在週五的時候，明顯表態

但是投信有稍微調節-160張

短期用60 k來看，三角收斂後向上。
https://i.imgur.com/cX20v7k.jpg
再新增一下基本面營收：
https://i.imgur.com/FosbDLi.jpg
就三月來看應該是賺滿多錢的！
我相信由虧轉盈的股價，應該值得20以上

提供熱騰騰各券商目標價：
https://i.imgur.com/bptaopz.jpg
附一下對帳單：
華航中間已經有稍微調節，再買回了

驊訊KD高檔死亡交叉已經部份停利了，
如有跟到的建議目前143以下作為停損點
https://i.imgur.com/WzGayAC.jpg
我滿期待驊訊的股價表現，連三個月年增280％，等它回落再補應該不虧
https://i.imgur.com/1n3Cxzu.jpg
鋼鐵一直都在追蹤，是沒打成文章
只想推薦很穩讓大家賺錢的的東西
現在天天漲敢追也要心臟大顆！
https://i.imgur.com/fOiG8nu.jpg
長榮陽明根本被低估，現在都便宜給你參考"
Re:[標的]華航2610飛到外太空多,2021/4/19,03:35:32,https://www.ptt.cc/bbs/Stock/M.1618803334.A.A9E.html,ll33457791,Stock,53,35,2,"從第一次回覆航空王到現在一個月了

華航從15～19

股版韭菜、裝懂的、壞人真的很多

華航會到多少？

我認為破前高（26）不是問題

現在都是低點進場都有50%能吃，與其看股版那些壞人的發言不如快進場吧！

現在能吃海運豆腐以後解封大爆發！

避免被說嘴砲附上對帳單

我從華航起漲點一路抱上來的也有波段操作

未實現6萬 已實現如下
https://i.imgur.com/UzKGVEn.jpg"
[請益]哲哲對今日華航的影響力？,2021/4/20,10:18:27,https://www.ptt.cc/bbs/Stock/M.1618913909.A.3A8.html,windofmarch,Stock,90,50,14,"問題：

號稱全台粉絲最多的分析師
你大投資長哲哲
從11元時一路看好華航
但昨日直播宣佈帶會員賣出華航

而華航今天一直在平盤下震盪
沒想到盤後資料出來
投信外資卻是大買
今日還是投信買超的榜首
那都是哲哲粉絲賣的？
你大投資長的粉絲堪稱第四大法人？



-
發文前請先詳閱[請益]分類發文規範，未依規範發文將受處份。
發文前請先詳閱[請益]分類發文規範，未依規範發文將受處份。
根據板規1-4-2.請益可提及標的，但是只要屬以下如：
  1.問漲跌，或持股分析。  2.預測個股或產業未來性。  3.或有推薦意圖。
請使用 [標的] 分類並依正確格式發文，違者1-4-2砍文處分。
 以上宣導事項請勿刪除 違者4-1 -"
[新聞]華航:公告本公司國內第七次無擔保轉換公,2021/4/20,13:39:04,https://www.ptt.cc/bbs/Stock/M.1618925947.A.310.html,jerry5020,Stock,144,86,7,"原文標題：華航:公告本公司國內第七次無擔保轉換公司債完成訂價

原文連結：
https://reurl.cc/kVj6YK
發布時間：鉅亨網新聞中心 ※來源：台灣證券交易所2021/04/20 16:40



原文內容：

第51款

1.事實發生日:110/04/20

2.公司名稱:中華航空股份有限公司

3.與公司關係(請輸入本公司或子公司):本公司

4.相互持股比例:不適用

5.發生緣由:依本公司「國內第七次無擔保轉換公司債發行及轉換辦法」辦理。

6.因應措施:無。

7.其他應敘明事項:

(1)本公司發行國內第七次無擔保轉換公司債案業經金融監督管理委員會110年1月13日

金管證發字第1090379546號函申報生效在案，及110年03月24日

金管證發字第1100336476號函同意延長資金募集期間3個月。

(2)本轉換公司債以110年04月20日為轉換價格訂價基準日，以基準價格18.50元乘以

轉換溢價率102.70%，轉換價格為每股新臺幣19元。



心得/評論：補充相關資訊如下

華航申請過一次延長發行國內 第七次無擔保轉換公司債之募集期間三個月

募集期限延長至110年7月13日

完成轉換價格訂價為19元

轉換溢價率 = (19-18.5)/18.5 *100% = 102.7%



近期華航融券狂增 個人判斷部分屬套利融券

目前仍在次級市場交易中的有 26106 華航六

這檔可轉債的轉換價格是12.6元 每持有一張26106 可換到現股7930股左右

轉換終止日為 112/01/30



9:54分更 補充一個關於高券資比有發CB不一定軋空的例子 況且華航剛強制回補完

有興趣的人 可以自行參考

8070 長華* 3月初的時候券資比破百

還沒到強制回補日前夕

但是3/4 5 8 9號 4天現券償還 3286+2255+1266+2243=9050張

長華* 也有可轉債 80704

以上資訊供大家參考 不代表操作建議 會漲會跌也不知道"
Re:[標的]華航2610多,2021/4/22,03:12:57,https://www.ptt.cc/bbs/Stock/M.1619061179.A.986.html,fengliyoung,Stock,40,30,0,"今天華航賣掉九成了
我當初買是等解禁 結果沒等到來個貨運大漲
跟我買的理由不一樣 算了賣掉拿去買虎航或是旅遊業吧
這個總不會疫情結束前大爆發吧
"
Re:[標的]華航2610多,2021/4/22,03:38:51,https://www.ptt.cc/bbs/Stock/M.1619062735.A.CB9.html,recloud,Stock,57,37,2,"華航目前在航空業蕭條時,光貨運就有賺錢了
更別說之後解禁後帶來的預期收益

加上現階段資金氾濫,量價都持續爆大量
超越2011年 26.15的前高價位
看來完全沒問題啊!!

我是放著繼續看它飛XD"
Re:[標的]華航2610多,2021/4/22,04:32:30,https://www.ptt.cc/bbs/Stock/M.1619065952.A.3F3.html,brandvolley,Stock,27,8,0,"疫情解除後是否會比較賺錢真的很難說...XD

過去航空業轉型，貨機逐漸淘汰~

因為貨物靠客機航班的機腹運載就夠了，也是經濟效益最高的模式。

長榮也逐漸把貨機淘汰留下大量客機機隊。

其他大規模航空公司國泰/新航...etc

客機機隊 vs 貨機機隊的比例也很懸殊

以下為客機vs貨機數量

長榮 80:5
國泰 151:20
新航 134:7
華航 62:21

就可以發現華航有多麼的與眾不同~
華航買飛機通常是政治因素比較多XD
大家狂買777的時候華航在買A340，還有世界最新的一架747-400

華航這波獲利真的是靠疫情~
1.大家客機班砍光光，運能大減造成運價大漲~
  一趟美國航線 一公斤$300~500 (台灣運美西/東的費用，回程貨不多也沒價)
  74F貨機假設一趟10W公斤就是一趟賺 3000~5000w
  貨機 vs 客機載貨能力可能 5:1到3:1左右(不同機型不同改裝狀態都不同)

2.龐大的貨機客機比例替公司營運帶來絕對的優勢
  貨機現在就是金雞母，公司都是靠貨運在養
  華航3:1的客機貨機比例遠超過所有對手

3.台灣產業型態-科技業+防疫民生用品沒有因為COVID19而停滯
  最近正夯的題材 5G/車用電子/晶片只要跟半導體扯上邊的都是台灣的主力
  這些產品不管海運空運總是要運出去~
  不然大家都沒錢賺了~(今年聽到不少豬屎屋分紅1~2百萬在發的)
  這應該也是長榮貨機不多但靠3X架777客機載貨也還能撐住的原因

但隨著客運恢復~運價肯定下降
同時競爭對手也都回來了(客機機腹載貨)
是否還能賺錢就難說了~
個人覺得應該是很難XD
沒記錯沙漠還封存2~3架744F
都不願意花錢解封了~更何況拿錢去改裝747-400客機
文中說的不夠清楚
$300~500NTD的是台灣運出去的費用
美國運台灣是不值錢...也沒什麼貨(空機回來的也不少)
航空公司幾乎都是出去滿載 回程隨緣~因為出去那趟就賺回本了
我沒查到解封的消息
用飛機編號B-18702 B-18703去查也找不到飛行紀錄
應該是還在封存，如果有相關資料再麻煩提供一下~感謝!

故障會維修阿~而且華航去年底今年初才補了777F 三架
年底還有三架要進來。"
[新聞]航空貨運運價月月漲！華航美國線運價又將,2021/4/22,09:19:02,https://www.ptt.cc/bbs/Stock/M.1619083146.A.4CE.html,iamthebest08,Stock,62,35,6,"航空貨運運價月月漲！華航美國線運價又將調漲25-35％

2021/04/22 17:00

〔記者王憶紅／台北報導〕 台灣出口暢旺，加上歐美港口塞港、貨物由海轉空的催化下
，航空貨運運價月月漲。華航今日公告客戶，美國線運價將在4月28日起每公斤運價調漲
25-35%。市場人士指出，此次漲價後，台北到美東運價恐將破500元，重返歷史天價。

華航3月貨運營收逾91億元，創歷史新高，市場預估，4月貨運運價調漲後，營收可望進一
步攀高。

市場傳出，美國線在塞港嚴重，港口準班率偏低下，業者也從海轉空，市場傳出，華航已
經停收4月21日-4月23日台北到舊金山、洛杉磯的貨載，長榮航則已經滿到5月的第一周，
急件貨每公斤高達460元。另外，台北到甘迺迪、達拉斯、芝加哥等機場，則視艙位狀況
還可收紙箱貨，木箱棧板貨則每公斤370元，亞太蘭大棧板貨則每公斤要400元。

在貨量爆艙下，華航今日公告，將在4月28日起每公斤運價調漲25-35%。事實上，華航、
長榮航歐洲線航空運價將分別在4月14日、15日喊漲，其中，華航台北-歐洲線運價漲幅約
25%-30%，長榮航的調幅20%-30%，調漲後每公斤運價將介於250-300元。

另外，華航3月3 日起調漲美國線運價，調幅將達30-40%，調漲後，台灣到美西每公斤運
價將達320 元、美東每公斤330 元。
https://ec.ltn.com.tw/article/breakingnews/3508350
心得:

三月調不夠  四月繼續調

沒辦法 海運卡住了壓

華航載貨真的比較賺錢

這是新的新聞....今天開高走低

再一次請教各位專業鄉民:

利多出盡? 利多反映?"
[標的]2610華航賭博多,2021/4/22,17:56:12,https://www.ptt.cc/bbs/Stock/M.1619114174.A.D70.html,garyoldb,Stock,87,63,5,"1. 標的：
2610 華航
(例 2330 台積電)
2. 分類：多

3. 分析/正文：
背景說明：
1.華航貨機比長榮航多
2.華航去年底取得3台777F貨機，每台運力100噸
運價分析：
1.去年至今年初美國線運價如圖
https://i.imgur.com/hQZMLpZ.jpg
2.詳細月營收貨運貢獻及今年空運價如圖
https://i.imgur.com/M9aMne0.jpg
5月：500/310 （去年高峰）
9月：240/280
11月：330/320

1月：260/270
2月：300/350
3月：320/330
4月：430/450
5月：今天漲價通知後應500以上


可發現去年5月貨運90億創高峰後
隔月起立刻下降
對照相關報導是因為5月時有防疫相關急單



這部分對於後續運價我的推測是
今年貨運營收應該不會像去年突然500後就下來


邏輯是：
去年的5月貨運營收高峰跟高運價
來自於
，防疫急單消退後，
當時消費需求也不強，運價消退



但今年的運價走揚跟貨運營收走揚
是來自於
「需求復甦」
，持續的會比較久


判斷來自於「需求復甦」
可以比較長久的高運價的原因
是4/14華航的法說

有提到今年2月空運的運量
已經回到疫情前的水平
https://i.imgur.com/1SrIHrb.jpg
但空運的運力供給仍然沒跟上
(疫情前運力有6成來自客機腹艙)

現在都是用貨機在運送
所以貨機運價會持續走堅
需求成長的越強，運價就越高
其實就是長榮航法說今天的結論
：「客機運力沒有恢復，運價就會一直高」
貨運營收推估：
這部分以去年500元高價時貨運營收9億來看
5月起若每月運價也500元以上的話

查貨運班表777F被拿來這樣用
https://i.imgur.com/jznYNnc.jpg
4/24 早上9點半起飛
4/24 早上6點半到洛杉磯
卸完貨後 早上9點飛往舊金山，10點半抵達
https://i.imgur.com/R9Cjclq.jpg
4/24 下午1點起飛往台北
4/25 晚上8點到台北

飛行時間24小時，停留時間6小時，總共30小時

然後隔天繼續出任務

這樣的話1台抓一個月可以出任務10次

10*100噸*運價500元=5億

若運價同去年高峰的話，在運力增加情況下

3台一個月可能可以多15億的營收

打8折貨運的月營收應該也能多10億突破百億
（算法如上，純粹亂算的）
eps推估：
每季營收約330億（300億貨運+其它）

再用每季營業費用跟成本加總不超過280億來看

營業淨利有50億，所得稅估5-10億

Q1 eps應該0.1多

Q2-Q4 每季40億 每季eps約0.7

在不考慮客運報復性漲機票錢的情況下
(客運獲利+ 貨運獲利-）

全年已經有機會2.3元以上

上一次2.3元的時候股價26元

現價可能仍有30%以上空間




後勢就看股價是否已反應

我是覺得市場沒被3台777F貨運

搭500元運價的威力嚇到

貨運4月營收說不定破百億了


只要客機(6成運力)不能恢復正常飛航機艙帶貨

在需求已經恢復到疫情前水準的前提下

海運難以緩解

造成空運的貨運價格會一直在高檔或漲價



4. 進退場機制：
(非長期投資者，必須有停損機制。請益免填)
明天或下週可能有恐慌的大黑k機會再加碼

賭博多，至少等到5/10營收出來看貨運收入再說"
[新聞]再爆本土病例！華航機師兒子、友也確診,2021/4/23,06:00:24,https://www.ptt.cc/bbs/Stock/M.1619157627.A.502.html,bmw606042001,Stock,221,139,12,"原文標題：

再爆本土病例！華航貨機印尼機師在澳洲檢出陽性　兒子、機師友也確診
(請勿刪減原文標題)
原文連結：
https://tw.appledaily.com/life/20210423/A5AGWCRXNBGT5MJOXYYZNYOXIE/
(請善用縮網址工具)s
發布時間：
1分鐘前
原文內容：
中央流行疫情指揮中心4月20日公布2名國籍航空貨機機師確診COVID-19，至昨感染源仍待
釐清。指揮中心今（4/23）13點30分召開臨時記者會，原訂由莊人祥主持，今午臨時宣布
改由指揮官陳時中親自說明。《蘋果新聞網》為讀者提供直播服務。陳時中說，指揮中心
接獲澳洲通知華航一名印尼籍貨機男性機師被驗出陽性，我國也兩名接觸者陽性（案1090
、1091），均為印尼籍，案1090為10多歲男性，案1091為50歲男性，相關足跡包括：案
1091曾在4/16的12時至13時去過台北清真寺，在澳洲檢出陽性的機師則在4/19下午去過大
園清真寺與全聯蘆竹南竹店。此外，案1078、1079的病毒株經基因序列確定完全相同，為
英國變種株。案1090（10歲男童）為2020年9月19日入境後就沒有出國史，列為本土個案
。
陳時中表示，案1078、案1079、在澳洲確診的機師以及案1091都是華航貨機機師，因此要
啟動擴大採檢，近期要針對華航前艙機組員1270人展開擴大採檢計畫，也呼籲後艙、家人
如有症狀趕快回報採檢
心得/評論：                             ※必需填寫滿20字
之前大家猜是長榮航,結果是華航,居然擴大了QQ,不過感覺跟今天跌幅無關"
[標的]2610華航降落空！,2021/4/23,09:16:55,https://www.ptt.cc/bbs/Stock/M.1619169424.A.AA4.html,addison123,Stock,116,58,30,"華航2610
做空
今天兩大哥法人外資投信大到貨，
今天只是開始，後面還有幾十萬張等著到，
投信哥買來幾十天的華航要開始獲利了！
加上資金往電子類股走
又
華航機師確診趴趴走，
造成防疫破口！
各種利空
故
預測股價回檔整理
停利11
停損21
禮拜一
各位乖乖排隊卦跌停出貨吧！
























不要跟我擠阿！

-
Sent from JPTT on my Asus ASUS_I002D."
Re:[新聞]再爆本土病例！華航機師兒子、友也確診,2021/4/23,12:05:30,https://www.ptt.cc/bbs/Stock/M.1619179532.A.C88.html,a111111,Stock,59,10,35,"這個國家怎麼了
一間公司有4個確診 檢查到的就有4個 實際確診數鐵定更多
公司居然還讓他繼續營運
更何況是這麼大 人流量這麼大的公司
那麼大量的人流接觸有毒的班機 直接灌進台灣 是多可怕的事
國家這麼視而不見 是重視經濟勝過人命嗎？
應該一人一信要華航停止營運 這段期間全面檢查公司人員和清潔班機
幫我長榮航抬轎"
[新聞]華航4貨機機師染疫空運減班缺艙將惡化,2021/4/23,15:49:07,https://www.ptt.cc/bbs/Stock/M.1619192949.A.CB9.html,htt950257,Stock,123,83,6,"原文標題：華航4貨機機師染疫 空運減班 缺艙將惡化
(請勿刪減原文標題)
原文連結：
https://reurl.cc/MZQkYn
(請善用縮網址工具)
發布時間：110.04.23
(請以原文網頁/報紙之發布時間為準)
原文內容：

中央流行疫情指揮中心23日表示，中華航空1名印尼籍40多歲男性貨機機師染疫，針對接
觸者採檢，另一名印尼貨機機師與親屬染疫，指揮中心發言人莊人祥坦承，本月20日發布
兩名國籍貨機機師染疫也是華航機師，華航今日下午四點左右表示，機師人力調度吃緊，
必須適度調減航班因應，預料會讓貨運缺倉現象進一步惡化。

中央疫情指揮中心為求慎重，宣布將針對該華航目前處於居家檢疫及自主健康管理期間的
貨機機組員進行擴大採檢。華航則表示，公司以防疫安全及機組員健康為優先考量，目前
全力配合指揮中心執行疫調、擴大採檢等要求，機師人力調度吃緊，必須適度調減航班因
應，請旅客關注華航官網公告。

由於目前航空貨運暴艙嚴重，歐美線相繼大幅調漲運價，現在華航一下子有四名貨機機師
染疫，貨機機師人力吃緊。攬貨業早在20日指揮中心宣布有兩名機師染疫，就指出華航貨
機勢必減班，因為當時指揮中心雖未透露是哪家航空公司機師，但因有提及機師飛印度，
目前印度全貨機只有華航在飛。




心得/評論：                             ※必需填寫滿20字

現在不太恐慌疫情傳播了，難道已利空出盡？
反而恐慌少了四個機師，機艙不夠用了
缺艙運費又噴噴！！
這樣下禮拜電梯到底要往...？？
搞得我好亂啊......"
[新聞]華航機師「接種疫苗速度」落後！指揮中,2021/4/24,07:13:22,https://www.ptt.cc/bbs/Stock/M.1619248404.A.F04.html,CavendishJr,Stock,107,49,7,"原文標題：華航機師「接種疫苗速度」落後！指揮中心曝：少長榮5倍多
(請勿刪減原文標題)
原文連結：
https://bit.ly/2QTycl0
(請善用縮網址工具)
發布時間：2021年04月24日 14:27
(請以原文網頁/報紙之發布時間為準)
原文內容：


記者李宜秦／台北報導



華航機師確診新冠肺炎導致疫情擴大，目前已累計5名本土案例。中央流行疫情指揮中心指
出，
長榮航空共有235名機師施打疫苗，而華航僅有44名，相差超過5倍多，華航確實比較落
後。
指揮中心發言人莊人祥表示，華航只要與合作接種疫苗的醫院談好施打疫苗流程，機組員接
種疫苗就不會有什麼困難，目前看來長榮、星宇航空等機組員公費預約都沒有問題，華航應
與醫院討論如何讓接種流程更順暢。


莊人祥表示，案1091返台後適用舊制的居家檢疫5天，疑似違規至台北清真寺，已協調民航
局探討是否有違規疑慮，若需進行處分會予以處理。


莊人祥表示，已安排1272名華航機師進行集體採檢，希望先確認感染人數，再進行後續分析
，探討是哪個環節出問題。若與長榮航空相比，長榮已有235名機師施打疫苗，而華航僅有4
4名，相差超過5倍多。


莊人祥表示，華航規劃5月底前完成所有機組員的疫苗接種，只是突然有機師確診，的確華
航接種疫苗速度比較落後，至於機組員的接種意願是沒有問題的。







心得/評論：                             ※必需填寫滿20字


今天記者會的內容

記者不問還不知道

長榮機師疫苗打得比

華航還多

華航真慢"
[新聞]快訊》機組員確診＋1！華航累積5人染疫,2021/4/24,07:18:15,https://www.ptt.cc/bbs/Stock/M.1619248701.A.79C.html,addison123,Stock,174,117,10,"快訊》機組員確診＋1！ 華航累積5人染疫

新頭殼newtalk |i家寧謢X報導

發布 2021.04.24 | 14:1
中央流行疫情指揮中心發言人莊人祥。洁G中央流行疫情指揮中心/提供

中央流行疫情指揮中心今(24)日表示，因應華航機師於澳洲檢出武漢肺炎陽性，指揮中心啟動個案在台活動史之調查，並針對在台接觸者匡列及回溯採檢，莊人祥說明，今日新增1名回溯採檢者檢出陽性(案1092)，截至目前華航共5名機組員確診。

莊人祥表示，案1092為本國籍40多歲男性，為該航空公司之貨機機組員，個案今年4月9日至4月16日曾執勤至紐西蘭及荷蘭，因出勤需求曾於4月9日及13日進行採檢，結果皆為陰性，出勤期間無症狀，返台後於4月19日進行檢疫期滿採檢，結果為陰性；個案4月22日執勤往返日本，返臺後於住家居家檢疫，同日下午因指揮中心針對澳洲檢出陽性機師之接觸者進行回溯採檢，於今日確診(Ct值35，二採Ct值23，血清抗體陰性)。

指揮中心表示，個案感染源現正調查中，已掌握接觸者共14人，其中5人列居家隔離，9人列自主健康管理；14名接觸者中，5人已採檢核酸及血清抗體，其中4人核酸檢驗陰性、1人檢驗中，該5人之血清抗體皆檢驗中，餘9人待採檢。

指揮中心統計，截至目前國內累計1,097例確診，分別為976例境外移入，78例本土病例，36例敦睦艦隊、2例航空器感染、1例不明及4例調查中；另1例(案530)移除為空號。確診個案中12人死亡、1,045人解除隔離、40人住院隔離中。

完了各種利空
華航還是下去吧！

禮拜一不要跟我擠阿！
人踩人果然是空中陽明


-
Sent from JPTT on my Asus ASUS_I002D."
Re:[新聞]快訊》機組員確診＋1！華航累積5人染疫,2021/4/24,10:33:08,https://www.ptt.cc/bbs/Stock/M.1619260391.A.69B.html,a111111,Stock,45,20,3,"大家都知道 只要跟公家機關有關的就是螺絲鬆
之前是台鐵 現在是官股的華航
不要說是華航運氣不好
數據擺在眼前
長榮和星宇 施打率是華航的五倍
自己爛怪誰？

前幾天爆三個 昨天爆四個 今天是爆五個
每爆一個 就跌一根
這樣也敢接？
快來幫我長榮航抬轎
"
Re:[標的]2610華航賭博多,2021/4/24,10:37:07,https://www.ptt.cc/bbs/Stock/M.1619260629.A.2F3.html,garyoldb,Stock,82,55,3,"這兩天有747F砍班的新聞

剛好我上週四整理資料的時候

有去貨運的官網查每個航線的班次

今天再去對照，總結幾點如下（觀點不一定正確）
1.貨運航線確實有砍班
前幾天沒有截圖，手算快速的算

但安哥拉治因為班次很多我還算了兩次


而今天去看桃園飛安哥拉治班次的確減少了

原本這週45班變成38班，下週航班也只剩41班
https://i.imgur.com/MOwGBSg.jpg
大阪飛洛杉磯班次也不見了


整體來說似乎是美國航線每週少10班

其他航線無太大變動
https://i.imgur.com/MQTZCOf.jpg
2.減班漲價似乎反而讓營收上升
漲價公告調整25%-35%
https://i.imgur.com/Zszmgby.jpg
那麼

a.載貨率假如用70%計算（去年Q4水準）
https://i.imgur.com/cSw6NUg.jpg
b.運力100噸計算
(實際上砍班的747F應為120噸)

c.4月運價400元，5月500元的話

得出美國貨運營收反而上升9億
https://i.imgur.com/6y1Pqu9.jpg
3.原因是漲價應該是考量砍班後算好的
以搞不清楚4月運價為多少

單純用華航漲價公告的25%來計算的話

假如原運價為1元，漲價後為1.25元

得出的結果也一樣：5月>4月
https://i.imgur.com/FeBqoLT.jpg
結論：
1.長榮航受益：班次不變，但跟著華航漲價了

2.華航受益：班次減少成本下降、營收小幅提升

3.基本面部分：砍班應不造成基本面負面影響

4.短期風險仍在於
「資金轉向電子股」
因素較大


4月、5月華航貨運營收應該還是會持續創高

但砍班新聞跟技術面大概還是會造成恐慌下跌

要看後續整理之後轉去電子股資金轉不轉的回來



個人觀點，有誤再請幫忙指正QAQ!!"
[請益]華航與中石化,2021/4/24,11:19:13,https://www.ptt.cc/bbs/Stock/M.1619263155.A.A2E.html,DAGG5566,Stock,131,49,0,"問題：

小弟是不想當韭菜的阿菜

最近在看這兩支的K線圖 發現截至4/23號時

兩家的圖超像

中石化
https://i.imgur.com/IV1gK2b.png
華航
https://i.imgur.com/BDFSCFK.png
都是沿著5日均線的多頭走勢 4/23一開始都噴噴 最後開高走低收綠K

中石化在4/23有破5日線 收盤價等於前一天最低價

華航4/23最低價跟前一天的最低價一樣


各位股神前輩會怎麼看下週他們的走勢

禮拜六來聊一下吧


-
發文前請先詳閱[請益]分類發文規範，未依規範發文將受處份。
根據板規1-4-2.請益可提及標的，但是只要屬以下如：
  1.問漲跌，或持股分析。  2.預測個股或產業未來性。  3.或有推薦意圖。
請使用 [標的] 分類並依正確格式發文，違者1-4-2砍文處分。
 以上宣導事項請勿刪除 違者4-1 -"
[標的]2610華航大跳~~~~~~~空,2021/4/24,14:15:11,https://www.ptt.cc/bbs/Stock/M.1619273715.A.77B.html,addison123,Stock,73,28,27,"華航
大挑空啦！
利空新聞滿天飛啦！
各位有在看新聞都知道啦！
根本就是空軍送分題！
你各位還不融券融好融滿空起來嗎？
禮拜五投信外資已經小出貨了
禮拜一齁齁我看收大大綠K唷！

停利10
停損21

-
Sent from JPTT on my Asus ASUS_I002D."
[標的]華航機會多,2021/4/24,16:00:03,https://www.ptt.cc/bbs/Stock/M.1619280005.A.E58.html,shinewonder,Stock,94,45,1,"1. 標的：2610華航低點進場多

2. 分類：多

3. 分析/正文：華航這隻老早在去年年前與過年前分享過這隻標的，自已成本也頗低，

              本以為再也不買不到低於20的價位XD

              折折說過:要珍惜16塊以下的華航XD

              其實，在前幾天就有機師染疫的新聞，此時就有作減碼出倉的動作

              不過個人張數還剩不少啦...


              但是危機就是轉機，之前長榮機師染疫隔天長榮航收了一根帶有下引的綠
棒

              再隔天盤中大跌但硬拉回接近平盤，收了根超長下引線，

              之後也無一路下跌，到現今還漲了50%


              由幾個分析點:

              1. 機師染疫，但疫情失控，所有機組人員都停飛不能飛嗎?

                 我想機率很低..機上防疫是很嚴格的，少數破口很快就能止血

                 有了之前磐石艦隊案件，我都覺得台灣人如有神助，

                 怎麼都不會全面擴散，重點是觀察後續染疫有無擴大

                 不過我相信全陰性，哪一次不是全陰性?


              2. 禮拜一盤中分析:有機會開盤跳空大跌，但卻是絕佳的買入點

                 運費漲價的利多實在太強勁，這長期利多絕對有辦法把今禮拜一

                 的綠棒吃掉。預期禮拜一華航也會留下長長的下引。


                 莫急莫慌莫害怕，禮拜四追漲停的，別下禮拜一就吃荀，

                 禮拜一砍的阿呆機會很高




              3. 股板壞人多，看到那麼多人看空我就放心了，

                 不過有一半的人反串低接吧


                 在這裡我會說:請珍惜華航20塊以下的價位

                 疫情真的沒想像中影響的大


4. 進退場機制：禮拜一分批低接


               之前目標價短線18已達成，長線還是上看30，看好成為陽明第二

               停損:跌破17"
Re:[標的]華航機會多,2021/4/25,00:23:34,https://www.ptt.cc/bbs/Stock/M.1619310216.A.617.html,ilike5566,Stock,15,4,9,"你現在的心情我懂
是不是很怕跌停
想靠華航賺一波
結果遇到染疫
趕緊po一篇壯膽文
漲價一回事 染疫一回事
星期一不停損 凹單
你可能會套十年喔

Sent from
BePTT
on my iPhone X
"
[請益]華航蜜蜂多,2021/4/25,01:33:12,https://www.ptt.cc/bbs/Stock/M.1619314394.A.D2D.html,huefy,Stock,112,68,6,"問題：

股市小菜雞 請益
已經提領20萬元準備禮拜一衝華航

嗯...是歐印><
還有一張5月中定存未解（40萬）

股齡約半年
投資過
台積電、熱門ETF、玉山金、兆豐金
中鋼、長榮
（僅進進出出賺個幾千元就跑）菜雞認證

華航從約12元進進出出
（這其中佔了總收益約80%以上）
對這檔股票真的有莫名的喜愛

每個月有4萬5000元的房貸
其他開銷很省很省....

請各位前輩給意見
給予祝福或懸崖勒馬都感謝

附上對帳單
（看過其他前輩的樣式真的不知道去那裡找，只能用券商的APP附上）
https://i.imgur.com/lRbOpCx.jpg
謝謝
好的謝謝 有點心急
謝謝給意見
又興奮又害怕
鄉下地方..
上班無法看盤 想先掛委託
上次漲停沒站上...
希望
感謝
沒發文應該就歐印了...
目前這檔賺最多
懸崖勒馬
又怕
當時像現在一樣沒膽 想勇敢
謝謝
目前只有先掛四張收盤的
晚點會去入錢到交割戶
https://i.imgur.com/2V3PKNU.jpg
感謝 好的
好謝謝
感謝
昨天也研究好久 不是非常懂！
嗯嗯好！
會被追殺..
台積電阿伯嗎哈哈XD"
[新聞]華航機師染疫案擴大再增2人確診武漢肺炎,2021/4/25,06:28:02,https://www.ptt.cc/bbs/Stock/M.1619332086.A.39F.html,addison123,Stock,194,123,15,"華航機師染疫案擴大 再增2人確診武漢肺炎
中央社記者張茗喧、許秩維台北25日電）華航機師染疫案擴大，疫情指揮中心指揮官陳時中今天宣布，經採檢再增2人確診，1人為回溯採檢、1為居家檢疫者，累計6名華航機組員在國內確診。

根據疾管署新聞稿，中央流行疫情指揮中心今天表示，因應某航空公司機師於澳洲檢出COVID-19陽性，指揮中心啟動個案在台活動史調查，並針對在台接觸者匡列及回溯採檢，今日再新增1名回溯採檢者檢出陽性（案1100）；另新增一名居家檢疫期滿者檢出陽性（案1101），同為該航空之機師。

指揮中心說明，案1100為本國籍50多歲男性，為該航空公司之貨機機組員，個案13日至17日曾執勤至美國，18日抵台，居家檢疫3天，21由公司安排自費期滿採檢，結果為陰性；22日因指揮中心針對澳洲檢出陽性機師之接觸者進行回溯採檢，於今日確診（Ct值36，住院後核酸檢驗陰性，血清抗體陰性），感染源現正調查中。已掌握接觸者共11人，其中3人列居家隔離，8人列自主健康管理；11名接觸者中5人已採檢核酸及血清抗體，其中1人核酸及血清抗體陰性、4人檢驗中，餘6人待採檢。

指揮中心指出，案1101為本國籍30多歲男性，同為該航空公司之貨機機師，於18日與另3名機組員一同執勤至德國，並由公司安排於當地旅館檢疫，22日返台後進行3天居家檢疫，24日檢疫期滿後由公司安排採檢，於今日確診（Ct值28，住院後採檢Ct值34、血清抗體陰性），感染源現正調查中。已掌握個案接觸者共17名，列自主健康管理，均安排核酸及血清抗體檢驗，其中5人檢驗中，餘12人待採檢。

指揮中心表示，因應機師感染事件，自24日起，已啟動該航空公司飛航組員全面核酸及血清採檢專案，預計採檢1,272人；截至昨天核酸檢驗已採檢261人，其中1人陽性（案1101），260人陰性；血清檢驗已採200人，其中199人陰性，1名檢驗中，將儘速完成採檢相關作業。1100425

明天不用空軍華航自己下去反省啦！
爛死了
空好空滿！
人踩人跳空大跌！






大家不要急啊！
排隊下飛機阿！



-
Sent from JPTT on my Asus ASUS_I002D."
[標的]華航短空長多到爆,2021/4/25,08:11:59,https://www.ptt.cc/bbs/Stock/M.1619338321.A.4DA.html,bmg22132,Stock,117,67,8,"-
1.發文前請先詳閱[標的]分類發文規範，未依規範發文將受處份。
2.發標的文未充實內文，
多空理由不充實者，板規1-1-5或4-4處份
3.進退場機制若非長期投資，請輸入停損價，否則依板規1-1-6處份
4.若為長期投資，但無充份分析理由，將依板規1-1-5處份
4.請依格式輸入內容，未依格式者板規1-1-2砍文處份。
5.分類選填請益或心得者，進退場機制得刪去。
-按ctrl+y可刪除以上內容。
1. 標的：      2610華航
2. 分類：多

3. 分析/正文：
每個人都知道的重大利空（機師染疫）
那就一定不會是利空
股市裡就是要跟傻逼韭菜做對沖
他們看跌那就要他媽看多到爆炸
況且空運仍然一櫃難求
現在華航運費又要漲
營收相當樂觀
禮拜一開盤華航可能因為傻逼多殺多開綠
但主力應會等這些蠢蛋下車後低接
繼續爽割韭菜一波

4. 進退場機制：
(非長期投資者，必須有停損機制。請益免填)
隨時入場，30停利，跌破13停損"
Re:[標的]華航多啦,2021/4/25,13:29:03,https://www.ptt.cc/bbs/Stock/M.1619357345.A.5CC.html,TsukimiyaAyu,Stock,34,17,2,"這篇是有依據的

根據機師在航空版的推文
基本上線上機師說得很清楚了

華航因為生意好 班多 所以從機師施打疫苗的情況就可以看出端倪

絕對不是機師找理由不打疫苗

加上這幾天確診及採檢隔離

運價肯定繼續飆上去

預計華航的氣勢會變成下一個飆股
"
Re:[標的]華航多啦,2021/4/25,13:41:25,https://www.ptt.cc/bbs/Stock/M.1619358087.A.625.html,shinewonder,Stock,63,42,5,"是不是很多人不知道科技產品走空運呀？

還那麼多人在看華航感染擴大甚至停飛的笑話？

要是貨機不能飛 科技股一定也受波及

預測明天華航一定給你V起來"
[新聞]華航打疫苗優先不排除停飛,2021/4/25,19:06:51,https://www.ptt.cc/bbs/Stock/M.1619377613.A.FF2.html,sh021515,Stock,135,85,8,"原文標題：
華航打疫苗優先 不排除停飛

原文連結：
https://ctee.com.tw/news/industry/450845.html
發布時間：
2021.04.26

原文內容：
華航貨機機師確診再添二例，1周內已有七名機師確診，且感染源仍待釐清，引發本土社
區感染風險加劇。中央流行疫情指揮中心指揮官陳時中25日表示，華航已明白事情嚴重性
，決定將檢驗與施打疫苗列為主要目標，派飛排在第二位。也就是說，
若因施打疫苗而導
致機組人員不足時，不排除停飛
。
有關官員指出，確診機師分散在747全貨機、A350與A330客機，客機是以純載貨方式飛行
，幸好未集中在全貨機，否則對華航賺錢命脈影響太大。

華航過去3個月股價上漲99.02％，近1個月上漲35.55％，22日成交量高達53.67萬餘張，
23日有34.78萬張，過去12個工作日融券高達103,447張，融資25,922張，
券資比高達80.4
％
，在放空數逾10萬張情況下，法人估26日股價將出現多空激戰現象。

華航25日再添二例機師確診，一周來計七人確診，外界關注機組員施打疫苗進度。陳時中
說，這起事件沒發生前，華航本身就有施打計畫，但根據班表到五月多才開始施打，發生
事情後，指揮中心要求華航把施打疫苗順序往前挪，華航同意重新安排班表，會將疫苗接
種列為優先事項。而
施打後會有停止派飛狀況，若影響人力，不排除有停飛可能，但不會
全面停飛
，會先以檢驗及施打疫苗為目標，派飛排在第二位。

陳時中說，自4月24日起，已啟動華航飛航組員全面核酸及血清採檢專案，預計採檢1,272
人；截至24日核酸採檢261人，其中一人陽性（案1101）；血清檢驗採200人，其中199人
陰性，將儘速完成採檢相關作業。

為配合指揮中心執行疫調、擴大採檢及加速施打疫苗，華航宣布必須適度調整航班因應，
在目前航空貨運市場部分航點運價已高過去年5月新高情況下，攬貨業者估計這次機師染
疫事件會讓
艙位供給減少，運價再往上拉
，至於航班減少與運價拉高之間，華航收益是增
是減，要看減班減到什麼程度。
華航約有1,272名機師，其中747機師近300名，華航目前能賺錢的就是18架747全貨機與3
架777全貨機，客機載貨飛行主要是能賺回變動成本，壓低虧損，華航表明會根據市場需
求，加派客機支援貨運。
業界也擔心指揮中心會不會緊縮對機組人員的檢疫條件？
一旦採緊縮措施，機組員調度困
難度就會很高，也會讓貨運航班大幅減少。
心得/評論：
開低走低
開低走高
開高走低
開高走高
彎腰撿鑽石?"
Re:[新聞]華航打疫苗優先不排除停飛,2021/4/26,03:03:44,https://www.ptt.cc/bbs/Stock/M.1619406226.A.385.html,TsukimiyaAyu,Stock,29,14,3,"電子業大利空

基本上沒有華航載貨

台灣電子業即將癱瘓

航空版機師都有開示

目前台灣的命脈就是他們這群機師

現在華航如果沒辦法飛

嘉偉老師說的十年對稱即將開始

張忠謀可能都要出來跟機師下跪求他們飛

"
[新聞]桃醫連3天協助採檢華航機組員搭遊覽車,2021/4/26,04:38:05,https://www.ptt.cc/bbs/Stock/M.1619411887.A.D91.html,MOMO0478,Stock,7,5,0,"華航機師日前爆發確診新冠肺炎，目前共有7位機師及1位家屬確診，其中4人染英國變異
株，為防範機師感染擴大，部立桃園醫院自24日起連續3天至華航進行採檢、抽血，並安
排有意願接種疫苗的機組員26日搭乘遊覽車至桃醫注射疫苗。


桃醫醫護人員表示，自華航機師確診之後，醫院就有安排不少人力進入華航公司協助採檢
及抽血，每天將近200多人，截至目前為止已經是第3天，而為加強機組員的免疫力，院方
26日也安排華航機組員搭乘遊覽車至桃醫於下午2時進行疫苗接種，但人數無法完全掌握
，需已有意願施打疫苗的人為主。

桃醫院長徐永年提到，桃醫已連續3天至華航進行採檢，往後幾天也會持續進行採檢動作
，要把這項工作做好、做滿，不可有輕微的疏忽，也於26日安排了有意願施打疫苗的人員
前往桃醫施打，但之後是否有同樣的疫苗安排則尚未決定。

徐永年說，目前已經安排好機組員施打疫苗的位置，並不會與施打自費疫苗的民眾為同一
區塊，坦言現在行事一切都以小心、安全為重，除了防疫之外也讓醫護人員較好進行施打
程序，雖目前無法掌握將要接種疫苗的機組員人數，但初步判斷應為20人以上。


周四21空 在今天早上19.2回補了!!!
根本殺不下去~~~
19CB價真的是地板嗎..怎麼殺都殺不下去
是不是大家都在恐懼抄底多阿~~~

股票賺錢賠錢事小...希望不要擴大疫情!!也希望大家平平安安順順利利!!!
多洗手多戴口罩 少去密閉空間~~"
[其他]今天華航的表現大家給幾分？,2021/4/26,05:52:59,https://www.ptt.cc/bbs/Stock/M.1619416381.A.292.html,shinewonder,Stock,82,52,3,"周末兩天的鬼故事，每天多個幾人感染，感覺華航都要完蛋了，說不定停飛都有可能

沒有信心的人，看討論感覺跌停鎖死連兩根都有可能

結果今天收盤才跌1.47%

而今早開盤低接的都賺個至少3%

華航根本是不死鳥，超大利空也只失一點點血量

今天的表現，大家給幾分？

我給85分"
[新聞]華航機師染疫風暴擴大！再增2人確診累計9,2021/4/26,06:14:20,https://www.ptt.cc/bbs/Stock/M.1619417662.A.02A.html,joanzkow,Stock,132,85,6,"【直播中】華航機師染疫風暴擴大！再增2人確診累計9例　均曾飛美國貨機

蘋果日報

中央流行疫情指揮中心昨天(4/25)再公布新增2名機師確診，6天來已7名機師染疫，且7人
分屬3機隊，新增2例感染源仍待釐清；而最早確診的3名機師與機師兒子，4人均染上英國
變異株，不排除為同起群聚感染。中央流行疫情指揮中心今天(4/26)表示，因應華航機師
於澳洲檢出COVID-19陽性，指揮中心啟動航空公司飛航機師採檢專案，對全數機師人員進
行採檢，今日再新增2名採檢者檢出陽性(案1102、案1105)。

指揮中心說明，案1102為本國籍30多歲男性，為華航貨機機師，個案今年4月6日至4月9日
曾執勤美國，返台後居家檢疫至4月14日，採檢結果為陰性，在台期間並無症狀；4月19日
至4月22日再次執勤至美國，返台後於住家進行居家檢疫，4月24日出現咳嗽、發燒(37.8
度)等症狀，4月25日進行期滿前採檢，於今天確診(Ct值18)。個案感染源正調查中，衛生
單位已匡列接觸者6人，皆採居家隔離。

指揮中心表示，案1105為本國籍40多歲男性，也是華航貨機機師，個案今年4月8日至4月
10日曾執勤美國，返台後居家檢疫至4月15日，採檢結果為陰性，檢疫期間並無症狀；4月
25日因飛航機師採檢專案進行採檢，於今天確診(Ct值32)，個案自述4月19日起出現食慾
不佳症狀。個案感染源正調查中，衛生單位已匡列家庭接觸者3人，列居家隔離，職場接
觸者匡列中。

指揮中心統計，截至目前國內累計203,734例新型冠狀病毒肺炎相關通報(含201,523例排
除)，其中1,104例確診，分別為979例境外移入，78例本土病例，36例敦睦艦隊、2例航空
器感染、1例不明及8例調查中；另1例(案530)移除為空號。確診個案中12人死亡、1,046
人解除隔離、45人住院隔離中。（林芳如、黃仲丘／台北報導）
https://tw.appledaily.com/life/20210426/DCPZ3ZXXEBAR5A77GN65DCP5RE/
太恐怖了，這樣持續下去對股市會有影響嗎？

航空股又會怎樣呢？華航保重

希望不要再擴大影響"
Re:[新聞]華航機師染疫風暴擴大！再增2人確診累計9,2021/4/26,06:29:19,https://www.ptt.cc/bbs/Stock/M.1619418561.A.BFF.html,gg7965977,Stock,298,265,14,"馬的咧

上次股版的長榮鬼故事記憶猶新

說什麼要吃一根粗粗的大黑棒

結果人家隔天還不是這樣開紅給你看

不然這樣子好惹

明天 華航吃大黑棒 或者是 長榮航漲停

我底下推抽10個發150P

推文內文不限"
Re:[其他]今天華航的表現大家給幾分？,2021/4/26,07:32:57,https://www.ptt.cc/bbs/Stock/M.1619422379.A.2A4.html,dkalan,Stock,24,10,4,"華航去看一下融資券 券資比80% ，12萬張的融券就看看主力想不想嘎這空單，還是主力
本身就是這空單持有者，多空大對決"
[標的]華航出事就是大舉做多,2021/4/26,08:32:23,https://www.ptt.cc/bbs/Stock/M.1619425945.A.8A7.html,yoyoyin0119,Stock,82,50,3,"-
1.發文前請先詳閱[標的]分類發文規範，未依規範發文將受處份。
2.發標的文未充實內文，
多空理由不充實者，板規1-1-5或4-4處份
3.進退場機制若非長期投資，請輸入停損價，否則依板規1-1-6處份
4.若為長期投資，但無充份分析理由，將依板規1-1-5處份
4.請依格式輸入內容，未依格式者板規1-1-2砍文處份。
5.分類選填請益或心得者，進退場機制得刪去。
-按ctrl+y可刪除以上內容。
1. 標的：
2610 華航

2. 分類：多

3. 分析/正文：
現在市場狂熱
很多以前的利空 現在是利多
欣興火災就是最好的例子
第一次燒起來 大家還乖乖砍股票
第二次火災當下下跌 一小時後馬上拉回來接著連續大漲
華航也會複製這個模式 看到這種史詩級利空 今卻只有小跌
大家就有底了

而且現在航運就是跟疫情掛勾
疫情越嚴重 股價越發動

這二天再不撿 到時候漲停買不到

4. 進退場機制：
明天開盤市價大舉進場
30元停利
13元停損
(非長期投資者，必須有停損機制。請益免填)
真的
明天搞不好跳空漲停
希望能買到
完全殺不下去
再爆就是最大利多
越爆
股價越噴"
[請益]華航卷資比78%是好還是壞？,2021/4/26,14:13:59,https://www.ptt.cc/bbs/Stock/M.1619446442.A.83D.html,addison123,Stock,31,12,7,"各位大神安，
看了一下各股的信用買賣交易資料，
華航的卷資比高達78%
請問這是不是意味者，
不成功便成仁？
這是健康還是不健康阿？
求教！


-
Sent from JPTT on my Asus ASUS_I002D."
[新聞]《航運股》華航美國線運價續漲機率大,2021/4/27,06:22:33,https://www.ptt.cc/bbs/Stock/M.1619504555.A.51F.html,MOMO0478,Stock,51,34,0,"原文標題：《航運股》華航美國線運價 續漲機率大
原文連結：
https://reurl.cc/o9Eed5
發布時間：2021年4月27日 週二 下午12:41


原文內容：
華航(2610)爆發機師染疫，對貨運是否造成影響，貨攬業者認為，華航已經在上周宣布調
漲美國線價格，5月第1周將再調升2到3成，目前還是一位難求，恐怕邁入第3季旺季前，
空運價格續漲機率大，華航也全力調派人力，讓747貨機的載運能維持正常供應。

華航總計1272位機師，其中9位機師染疫，華航表示，配合中央流行疫情指揮中心擴大採
檢作業，所有機師陸續安排篩檢，過程嚴守防疫措施，採檢後依個人意願安排接種疫苗。
華航持續鼓勵第一線人員接種疫苗，除空勤組員外，也安排符合第三順位的機務、貨運、
機場服務等一線地勤員工施打公費疫苗，期盼加速施打疫苗，強化自身防護。

華航上周宣布調漲美國線價格，原先客戶還在觀望，但機師染疫後，怕影響貨能供應，出
現搶艙情況，傳出5月第一周已經沒有空的艙位。華航5月如果無法機動的提供貨機增班，
客戶的議價空間彈性會變小，航空運價再墊高並不是不可能。

華航染疫的機師當中，有4位是747機型，777有1名，另外4名則機師則是服務A350與A330
機型，分散在不同的機型，短期調度不是問題，但目前加快疫苗施打速度，就考驗華航調
度能力。


心得/評論：
是誰說今天會跌下來的~~
ㄧ早掛19.8根本沒成交....
嗚嗚  然後再改20.1 也沒成交 就這樣上去了

一早就把中鴻 長榮賣光了~~~
手上真的空手~~~!!!

原來利空都會漲...還是已反應了!?
我知道 公司空運的運費越來越貴.. 但電子零件不走空運不行
只能增加運費成本了~~反應在商品漲價上!!
三個月時間 運費拉高不少 有得還不載!!"
[新聞]華航貨機機師染疫案檢出6機師血清抗體,2021/4/27,06:55:35,https://www.ptt.cc/bbs/Stock/M.1619506537.A.068.html,CavendishJr,Stock,66,41,1,"原文標題：華航貨機機師染疫案 檢出6機師血清抗體陽性
(請勿刪減原文標題)
原文連結：
https://bit.ly/2R58Hx2
(請善用縮網址工具)
發布時間：2021/04/27 14:46
(請以原文網頁/報紙之發布時間為準)
原文內容：


（中央社記者陳婕翎、張茗喧台北27日電）中央流行疫情指揮中心今天公布，華航貨機機師
確診武漢肺炎案，針對1272名機師進行採檢，截至目前血清抗體已採檢934名，其中925名陰
性、6名陽性、3名檢驗中。


指揮中心疫情監測組組長周志浩今天下午記者會公布此消息，該6名血清抗體檢測陽性機師
中，3名為過去已公布確診個案（案151、案177及案1105）





心得/評論：                             ※必需填寫滿20字


華航931位機師

有6位曾經感染過

有3位是之前公布過的確診病例

某種程度代表華航防護算不錯"
[新聞]今本土+3！2名確診華航機師家人,2021/4/28,07:10:35,https://www.ptt.cc/bbs/Stock/M.1619593837.A.DB6.html,MOMO0478,Stock,113,77,3,"原文標題：今本土+3！2名確診為抗體陽性華航機師家人
原文連結：
https://reurl.cc/dV4AqM
發布時間：2021-04-28 14:15


原文內容：
國內今天又新增三名新冠肺炎本土個案，其中華航機師染疫案再度擴大，兩例本土個案（
案1113、案1114）為昨公布某航空公司血清抗體陽性機師的同住家人。

指揮官陳時中指出，案1113為本國籍10多歲男性，為昨日公布某航空公司血清抗體陽性另
一機師的同住家人，近期無出國史，亦無疑似症狀，4月26日由衛生單位安排進行接觸者
採檢，於今日確診，Ct值36，次日再驗Ct值41，血清抗體IgM陰性、IgG陽性。個案的同住
家人，除該名機師外，其餘2名家人之核酸檢測皆為陰性，血清抗體皆呈IgM陰性、IgG陽
性。

另外案1114為本國籍40多歲女性，為昨日公布某航空公司血清抗體陽性機師的同住家人，
近期無出國史，亦無疑似症狀，4月26日由衛生單位安排進行接觸者採檢，於今日確診，
Ct值34，次日再驗核酸檢測陰性，血清抗體IgM陰性、IgG陽性。個案的同住家人，除該名
機師外，其餘2名家人之核酸檢測皆為陰性，其中1人血清抗體IgM陰性、IgG陽性，另1人
血清抗體為陰性。

另一名本土個案，案1112，為本國籍70多歲男性，為加拿大境外移入個案案1068、案1106
的非同住家人，近期無出國史，亦無疑似症狀，曾因案1068居家檢疫期間於住處跌倒，前
往該案住處停留半個多小時，另於案1106居家隔離期間，協助送餐事宜。衛生單位於4月
26日安排案1112進行接觸者採檢，於今日確診，Ct值26。已初步掌握個案接觸者190人，
列居家隔離。

陳時中指出，依據目前調查結果，新冠肺炎在社區傳播的風險很低，惟為求謹慎，將調查
個案及血清抗體陽性者活動史，並針對相關密切接觸者提供免費病毒核酸以及血清抗體檢
驗，以瞭解其健康狀況，同時保護其周邊的親友。




心得/評論：
今天太忙了 盤中22.5上車!!!
是不是要準備套22年半了!!!
華航連環爆.....今天是不是反應這個才噴上去讓我追高住高樓套房呢~~

昨天的20多不買 買在22多 !!!我真傻

口罩買起來 ~~~這次真的不ㄧ樣了
現在台股很高點~~~隨時下來都很可怕!!"
[新聞]華航居檢飯店諾富特今要求清空,2021/4/29,02:54:27,https://www.ptt.cc/bbs/Stock/M.1619664872.A.E64.html,cz031300,Stock,30,21,0,"原文標題：疫情又擴大？ 華航居檢飯店諾富特今要求清空 機組員人心惶惶

原文連結：
https://udn.com/news/story/120940/5421279
發布時間：2021-04-29 10:35更新


原文內容：

（10:35更新）

根據台北諾富特華航桃園機場飯店總經理昨天發出的緊急重要通告，內容指出，奉指揮中
心指示，飯店29日所有同仁須至隔離檢疫所隔離。

重要通告要求全體員工配合，包括打包16天份之行李以及攜帶個人藥品、上午8時前至飯
店宴會廳集合，以及不可搭乘大眾運輸工具，只可以搭乘計程車，若開車停飯店地下室、
平面停車場以及飯店後方道路 (非紅線區) 。

（9:00更新）

華航機師染疫風暴持續延燒，至今已9名機師、2名機師家人確診，基於防疫需求，華航昨
天起，機組員返台居家檢疫處所改一人一戶，不過今天卻有機師反映，返台後原本是在華
航機組人員檢疫用的諾富特飯店進行居家檢疫，不料今天清晨時分突然被通知要全棟大消
毒，上午又廣播要大家全部移到集中檢疫所，搞不清楚到底發生什麼事。對此，華航表示
，有關疫情資訊由中央流行疫情指揮中心統一公布。

實際上，華航近期接二連三有機師確診，外界一度懷疑是不是華航機組人員檢疫用的飯店
管理、清消出了問題。不過指揮中心昨表示，經過兩天實地勘查，安全管理都有專人管制
，居家檢疫是六層獨棟，與其他旅客沒有接觸，每個樓層角落都有監視器，中控室影像清
晰；且飯店10人24小時輪班，也都有警鈴、電子鎖，APP有自動上傳健康狀況到總部，垃
圾、送餐、清潔、消毒等流程都檢視過，狀況良好。

不料今天卻遭通知，需要全部移到集中檢疫所，也讓機師人心惶惶，擔憂疫情是否又再擴
大。機師透露廣播聽到是指揮中心指揮官陳時中的聲音，但不確定是預錄或是人到現場。

副指揮官陳宗彥並未證實是否清空飯店，面對外傳可能有機組員或飯店員工確診，也未做
回應，僅低調表示「我們會等確認情況之後，再一起說明。」


心得/評論：                             ※必需填寫滿20字

訊號來了  等下午指揮中心說明

你各位準備好彎腰撿鑽石了嗎?

別人恐懼我貪婪  越爛月噴"
[標的]華航多(關於CB一點心得),2021/4/29,04:40:47,https://www.ptt.cc/bbs/Stock/M.1619671249.A.9C9.html,hank19932000,Stock,38,19,1,"1. 標的：2610 華航
2. 分類：多

3. 分析/正文：

近期投資華航，第一次遇到有CB的公司，一點心得分析，有誤請指教。

3.1 盤中分析
https://i.imgur.com/JqCMMJG.jpg
買一張CB 盤中現價11萬7千
轉換成現股13萬2千

等於我買一張CB 拿去現股套利1萬五千

?(117/19)*21.45-117]*1000=15086

3.2 主力雙重套利

假如今天主力買了2千萬的CB,就會約有1千五百多張的賣壓。(如果有1億的CB 自己想一下
)

既然都決定要從CB 轉成 現股 再轉成現金

那就乾脆先放空現貨，等現貨賣完之後，在回補空單，雙重套利，或是鎖利。

可以從融券餘額、卷資比略知一二。
https://i.imgur.com/C42SGEd.jpg
3.3 籌碼(看多理由)
https://i.imgur.com/tzuMxE8.jpg
從30分線來看，今天成交量都集中在前30分鐘，相對來說後面就沒什麼人在賣了，代表籌
碼相對穩定。換作我是主力，我也不敢無條件買CB 換現金，目前券也借不到了，現貨又
沒人要賣。價量關係也算是配合，走多頭。

以上心得，股市小白有錯誤請留言指教。

4. 進退場機制：

跌破19元退場，不預設高點移動停利。

人權：
https://i.imgur.com/rvKsl8u.jpg
越爛越噴
現在哪來刀子？
賺多賺少問題 哈哈
感謝指教，就是不懂所以上來請教"
[新聞]華航機師染疫案擴大新增2例本土諾富特,2021/4/29,07:30:12,https://www.ptt.cc/bbs/Stock/M.1619681414.A.F38.html,Rin5566,Stock,61,28,1,"原文標題：華航機師染疫案擴大新增2例本土 諾富特飯店員工確診[影]

                                      (請勿刪減原文標題)
原文連結：
https://reurl.cc/WE9LL7
(請善用縮網址工具)
發布時間：2021-04-29 15:21
                                      (請以原文網頁/報紙之發布時間為準)


原文內容：

（中央社記者陳婕翎、陳至中台北29日電）指揮中心今天宣布國內新增5例武漢肺炎確診病
例，2例為境外移入，另有2例本土個案及1例感染源釐清，本土個案含華航機組人員檢疫用
諾富特飯店員工，匡列107人。

中央流行疫情指揮中心指揮官陳時中在今天下午公布此消息，國內新增2例本土及1例感染源
調查中武漢肺炎（2019冠狀病毒疾病，COVID-19）確定病例。本土病例中，1例為機場防疫
旅館員工（案1120）、1例為案1078同住家人（案1121）；調查中病例為華航機師（案1122
）。

陳時中表示，案1120為本國籍40多歲男性，為機場防疫旅館員工，近期無出國史，平時工作
項目為檢查房間環境之清潔，偶爾協助機組員購買物品或送備品，工作期間佩戴口罩及手套
。

個案17日起陸續出現咳嗽、流鼻水、食慾不振及呼吸喘等症狀，並於19日至26日間多次至診
所就醫，因症狀未改善，27日至醫院就醫，經診斷有肺炎情形，收治住院隔離並採檢，於今
天確診，Ct值21，血清抗體IgM及IgG皆為陽性。

陳時中指出，案1120獨居未與家人同住，已初步掌握接觸者107人，包括友人、職場接觸者
及就醫接觸者等，其中4人列居家隔離、103人列自主健康管理，將持續調查個案活動史及接
觸史，匡列可能接觸者。

因應機場防疫旅館員工確診，指揮中心將召回該旅館所有員工進行採檢，目前住宿於該旅館
人員今天將全數安排至集中檢疫所，另已採檢39件該旅館環境檢體送驗。

陳時中表示，案1121為本國籍40多歲女性，為案1078華航公司機師同住家人，20日列為居家
隔離接觸者並採檢，檢驗結果為陰性；個案27日因出現胸悶、呼吸困難等情形，由衛生單位
安排就醫採檢，於今天確診，Ct值18。

由於個案發病前2天為居家隔離期，未與他人接觸，故無匡列接觸者；另案1078接觸者中，
截至目前除案1121發病確診外，其他家人及職場接觸者等共28人檢驗結果皆為陰性。

陳時中指出，案1122為本國籍50多歲男性，為華航貨機機師，2日至9日曾執勤至美國，返台
後於防疫旅館檢疫至15日，期間無症狀，檢疫期滿採檢結果為陰性。

個案19日再次執勤至美國，24日自美國經日本返台，25日入境後返回住處居家檢疫，27日出
現喉嚨痛及發燒症狀，由衛生單位安排就醫採檢，於今天確診，Ct值21。已掌握個案同住接
觸者1人，列居家隔離，職場接觸者調查匡列中。

截至目前國內累計20萬6358例武漢肺炎相關通報（含20萬4315例排除），其中1121例確診，
分別為989例境外移入，84例本土病例，36例敦睦艦隊、2例航空器感染、1例不明及9例調查
中；另1例（案530）移除為空號。確診個案中12人死亡、1051人解除隔離、58人住院隔離中
。（編輯：吳協昌）



心得/評論：
感覺疫情越來越嚴重,只能做好自身預防工作多洗手了
https://i.imgur.com/aZ7kJPw.jpg"
[請益]華航停飛來回12班次飛機如何解,2021/4/30,01:00:00,https://www.ptt.cc/bbs/Stock/M.1619744402.A.325.html,s080014,Stock,58,31,0,"看起來是利空，但是否已經反應，感覺最近華航

有點利空太多，雖然機師很多，但似乎還是免不了

停飛，有沒有大濕可以開示一下，我越來越恐懼了

Sent from
BePTT
on my Xiaomi M2010J19SG"
[新聞]清空諾富特飯店！華航近2百機師遭隔離,2021/4/30,01:04:01,https://www.ptt.cc/bbs/Stock/M.1619744644.A.D81.html,Tapqou,Stock,77,49,3,"原文標題：
清空諾富特飯店！華航近2百機師遭隔離 恐衝擊貨運量能
原文連結：
https://s.yam.com/auCgN
發布時間：
2021年4月29日 週四 下午3:10

原文內容：
華航諾富特飯店因為出現1名飯店員工確診，因此中央流行疫情指揮中心指示今（29）日
淨空整個飯店，中華航空機師、飯店員工以及一般房客一共412人分別移置到6個集中檢疫
所。

指揮中心說這名飯店員工17日出現症狀，也就是說自15日就有傳染力，但直到27日出現肺
炎症狀到醫院就醫才確診，因此華航諾富特飯店必須清空所有人員，執行消毒計畫，包含
飯店員工207個，華航本國籍機師109人、外籍機師76人，以及一館一般住房民眾20人分別
被送往6個不同的集中檢疫所。

原本機師回國只要檢疫3天，加上PCR採檢陰性就能出關，就快要檢疫結束的機師只要完全
自己的檢疫期就好。但指揮中心為了慎重起見，其他飯店員工和旅客就得隔離14天。

然而現在多為貨運航班，華航一共1千多名的機師，現在已經將近200人在隔離或是治療狀
態，恐怕也會衝擊貨運運能。指揮中心說若有隔離中的機師被排班，會安排防疫通道讓他
去執勤，其他人依照規定完成3天檢疫還是可以回去工作，而華航回應「相關航班異動請
關注華航官網」。



心得/評論：
板上很多人好像都很關心華航的營運狀況
200位機師不能飛，不知道會不會衝擊營收
聽說利空就是要買進??"
Re:[請益]華航停飛來回12班次飛機如何解,2021/4/30,01:54:31,https://www.ptt.cc/bbs/Stock/M.1619747673.A.87A.html,a3225737,Stock,90,49,5,"一直有個問題想問
華航疫情前也才10元左右徘徊
上次見到2字頭也是10年前了

貨機很多沒錯
但營收跟eps也沒多好看
再怎麼賺也不會比可以載人的時期賺得多

長榮航2015年2字頭股價的時候
每月營收都100多億
現在每月剩下70億，也回到2字頭

說股價反應未來
但航空業要恢復到以往榮景根本不是一年兩年的事情
這波卻可以這麼高

跟航運賺到翻根本不能比阿
何況當初說疫苗要給華航載的那天華航不知道漲幾趴
載疫苗是可以賺多少錢啊


我想問的是
是什麼東西改變了?
所以航空業可以在這個狀況下創波段新高?
本益比上升?  不然eps沒動股價動什麼道理的
反映未來? 有哪位鄉民看到航空業未來的XD?  可以分享一下嗎?

不然營收沒創高或是近期營收不可能創高的情況下
衝到20是什麼道理?




好啦我8塊買9塊出了 顆顆  難怪只能當韭菜"
[新聞]華航百位機師隔離貨運吃緊,2021/4/30,03:35:52,https://www.ptt.cc/bbs/Stock/M.1619753757.A.B98.html,LovError,Stock,130,73,4,"原文標題：華航百位機師隔離 貨運吃緊
原文連結：
https://udn.com/news/story/7241/5423589
發布時間：2021-04-30 02:46
原文內容：

華航（2610）轉投資的諾富特飯店房務主管確診（案1120），為全台首例防疫旅館員工染
疫，昨（29）日飯店已全部清空消毒，
117位華航機師轉到其他防疫旅館進行14天隔離。
機師人力調度減少約10%，華航已緊急啟動人力調度作業，全力維持貨機正常飛航，降低
電子業供應鏈斷鏈危機。
機師染疫風波至今源頭未明，已有9名機師、5名機師家人確診。疫情指揮中心指揮官陳時
中表示，
日前確診的機師傳染給很多人的可能性較低。初步假設是環境感染，無症狀感染
者造成內部傳播鏈，由房務人員傳給清潔人員，造成第二波機師感染，但目前還不敢確定
。

除了疫情變化，產業界更擔心物流供應鏈斷鏈問題。
華航是全球第6大的航空貨運業者
，
現在航空貨運運能高度吃緊，卻出現人力缺口，市場指出，
5月的貨運恐怕陷入搶艙位大
戰，運價也會跟著急飆。
華航約有1,272位機師，機隊包括62架客機及21架貨機。機師主要分布的機型為貨機777、
747及客機的A350機型。華航目前有3架777機型，18架747機型。777有客機機師可以加入
調度，增班難度較低；但747貨機運能吃緊，據了解，能服務這型貨機的機師約350人左右
，747是夕陽機型，沒有太多的客機機師支援，調度難度高。
全球半導體零件、疫苗、藥品、高單價商品都在搶空運艙位
，5月也進入空運傳統旺季。
但華航爆發機師染疫、
百萬機師隔離的狀況
，航空貨運界擔心艙位吃緊，貨物交期遲延，
近期加價20%-30%搶艙位，5月第一周搶購一空。華航的運能突然吃緊，增加班次難度升高
，貨攬界更拚命訂艙位，
。

心得/評論：看來可以歐印長榮航了，華航15元收。 昨天外資大賣五萬多張嚇死人了
           當沖仔反而減少才不到12萬，總成交量30萬張。"
Re:[請益]華航停飛來回12班次飛機如何解,2021/4/30,04:21:13,https://www.ptt.cc/bbs/Stock/M.1619756475.A.466.html,f73718,Stock,66,34,6,"整個4月所有熱門傳產股票全部大暴漲，華航一樣漲一大段，所有股民都賺到翻過來飛過
去，沒賺個幾百也賺個幾十，現在買10個標的，8個可能5月還會繼續漲，銅，鐵，鋁，
紙，玻璃，紡織，塑化，橡膠，水泥，海運太多太多，營收獲利開出來都嚇死人(新光鋼
Q1賺2塊，操），現在就是大多頭，超級好做，要繼續華航多少機師停飛，隔離多久，影
響多大，營收掉多少，你還是上面那些標的射飛鏢買幾檔玩，期望值會高一點。

空運報價大暴漲真的很香，你已經在空運賺到流油，就跟所有玩傳產的一樣，你想要華
航再漲多少%?20%？50%? 70%？ 有個利空在，回想海運一月怎麼殺的？陽明進處二，長
榮獲利開出來比陽明低，不如預期，陽明禁閉跌停，長榮再受影響，股價一路46跌到30
，現在機師隔離下去，影響多少？營收會不會掉？不知道，霧裡看花，認真講，只要營
收敢往下掉，上述所有傳產飆股絕對都大跌，修正到吐奶，要玩你有更多選擇，空運不
過是現在大多頭時代幾百個選項之一，不要糾結。"
[新聞]華航：12班客機停飛貨機沒影響,2021/4/30,05:35:01,https://www.ptt.cc/bbs/Stock/M.1619760905.A.3FA.html,dukechiang,Stock,161,86,3,"原文標題：華航：12班客機停飛 貨機沒影響

原文連結：
https://ec.ltn.com.tw/article/breakingnews/3516552
發布時間：2021/04/30 11:31

原文內容：

〔記者王憶紅／台北報導〕華航指出，配合指揮中心執行疫情管控措施，4月29日至5月15
日部份客運航班異動，台北（桃園）-洛杉磯、台北（桃園）-舊金山、台北（桃園）-溫
哥華共12班來回航班取消，貨機航班未受影響。

　華航目前貨機機隊達21架，包括18架747，3架777。市場人士指出，747機師約達300-40
0位，且目前連貨機加班機都沒聽到有取消，因此目前影響不大。

　疫情後，華航營運幾乎靠貨機支撐，3月航空貨運營收達91億元，創歷史新高。市場人
士指出，航空貨運一日三市，華航目前可說是靠貨機印鈔票。

華航股價29日下跌1元，或4.50%，收21.2元。


心得/評論：

受華航部分機師被隔離，4/29-5/15將停飛12班戴客客機，但貨機是主要獲利來源，故不
會減班，因此整體影響不大。"
[標的]2610華航歐印多：）,2021/4/30,09:30:28,https://www.ptt.cc/bbs/Stock/M.1619775030.A.DB3.html,ll33457791,Stock,100,52,29,"-
1.發文前請先詳閱[標的]分類發文規範，未依規範發文將受處份。
2.發標的文未充實內文，
多空理由不充實者，板規1-1-5或4-4處份
3.進退場機制若非長期投資，請輸入停損價，否則依板規1-1-6處份
4.若為長期投資，但無充份分析理由，將依板規1-1-5處份
4.請依格式輸入內容，未依格式者板規1-1-2砍文處份。
5.分類選填請益或心得者，進退場機制得刪去。
-按ctrl+y可刪除以上內容。
1. 標的：      2610華航
2. 分類：多

3. 分析/正文：


我股市阿肥啦，最近一堆華航利空文，俗話說別人恐懼我貪婪，這時候肯定要進場的

消息/基本面：

1.
https://i.imgur.com/HEltoCz.jpg
Msci 空運物流指數在這幾天突然拉一大根跟海運指數同創新高

2.
華航機師染疫但是貨機部分並沒有減班，反而可能以調度困難為由漲價

3.
https://i.imgur.com/ZYHhhZD.jpg
冷鏈運輸疫苗完成招標，台灣有能力冷鏈的就華航跟長榮航

技術面：
https://i.imgur.com/CAzBAxs.jpg
儘管有一堆利空仍然沒跌破上升趨勢線，且因為利空跌破的五日線兩天站回，認為屬於很
強的多頭走勢



對帳單：
https://i.imgur.com/D4q8lnc.jpg
4. 進退場機制：
(非長期投資者，必須有停損機制。請益免填)
停利：
1.
一半破26的高點停利

2.
另一半放到解封
等到了火星可以停利：）


停損：
上行趨勢線基本上要跟10日線貼合，非消息面影響下長黑跌破停損



最後
https://i.imgur.com/5x0f8d6.jpg"
[情報]華航app開放會員卡加入至wallet了,2021/4/7,18:00:51,https://www.ptt.cc/bbs/Aviation/M.1617818453.A.A94.html,oliver0929,Aviation,13,7,0,"如題，加入方式，一樣先點開二維條碼，這時候再點左下方的添加到Apple wallet 選項
，就大功告成了。

不過真心希望華航能逐步更新會員卡在Apple Wallet上的卡面設計，認真
"
[問題]華航培訓機師推薦人,2021/4/11,02:00:08,https://www.ptt.cc/bbs/Aviation/M.1618106412.A.DD3.html,Asiankappa,Aviation,23,11,0,"華航的推薦人要求為本國籍的師長或是工作的主管
可是我從高中就不在台灣了，剛畢業也還沒有在台灣的相關工作經驗..
這樣如果推薦人寫在美國的教授會不會不妥阿
可是感覺請國中國小的老師當推薦人更奇怪..畢竟都過那麼久了
有人有相關的經驗可以指導一下我該怎麼辦嗎QQ

-
Sent from JPTT on my Samsung SM-T870."
[分享]華航747客機|想見你|告別見面會全記錄,2021/4/12,12:54:14,https://www.ptt.cc/bbs/Aviation/M.1618232058.A.96E.html,robinlee528,Aviation,13,11,0,"華航747客機|想見你|告別見面會全記錄
敬請移駕圖文網誌版:
https://robinlee528.pixnet.net/blog/post/69580492
以下為PTT文字版:

巨大的機翼承載著巨大的夢想，波音747是民航史上最具代表性、載運過最多人次、舉足
輕重改變人類近代發展的傳奇機型。然而隨著市場改變、民航科技革新以及環保意識抬頭
，世界各國早已逐步汰除波音747，這些年來華航的747不僅為數可觀，更是停留在機隊中
服務了相當久，直到這場猝不及防的全球疫情才導致了華航的747提早退役。

飛機是一家航空公司能存在的最根本支柱，華航很用心為747舉辦了一系列活動，讓我們
還能有一些些機會能跟這位空中女王見面、道別。

完成了空中「后翼起飛」的飛行活動後，最後一場地面活動華航為這架註冊編號B-18215
的波音747舉辦了「Farewell My Queen 747 女王想見你」見面會，這次是真的要說再見
了！

很幸運能參加這麼歷史性的時刻，來到桃園機場的華航修護工廠，B-18215已經安穩停放
在棚內準備接受眾人最後的參見。

這是第一次也是最後一次能這樣近距離仰望女王的機身與那標誌性的駝峰雙層機首。這年
來雲遊四海歷經風吹雨打的日子，真是辛苦了！

在遼闊的機翼底下那陰影好像為我們抵擋著人生的挑戰，相信有許多人人生中重要的一刻
都有波音747的參與。

以後台灣的航空公司將再也沒有這樣四發動機的客機機型了。

站在底下真能深刻感受的四層樓高機體的壯觀震懾

華航特地安排組員著歷代制服出場，波音747華航營運過經歷最多款不同制服及機身塗裝
的機型。

欣賞完外部機身後我們在引導下來到機棚外，原來是為了排出747-400的字樣，很期待屆
時的空拍作品。

接著重頭戲登場，把握最後一次機會登上華航波音747!

B-18215是三艙等的仕樣，下層前段頭等艙後段經濟艙，上層則是商務艙。

下層雙走道一排10座的經濟艙是747能長年雄踞載客量最多機型的關鍵

曾經的人聲鼎沸，如今人去樓空。

這架B-18215在後期並沒有改艙，結果反而營運最久直到最後一刻，舊的不去新的不來，
舊機的離開也象徵華航的整體客艙硬體水準往上提升。

往最前端走去就會來到頭等艙，雖然有濃濃的復古風情，但完全可以想見剛推出時是多麼
氣派的產品。

最前端正是靠近機鼻的位置，這是波音747客機非常有趣的特點，乘客居然可以坐得比機
長還前面! 當然也要把握最後的機會體驗這奇妙感覺。

走回客艙後段，這裡有個神祕階梯通往上層客艙。
747的推出宣告著雙層客機的時代，超級巨大的機體使他成為世人長途飛行的第一印象，
沒有747的設計恐怕也難有現今的A380。

上層深紫色座椅是商務艙，最前端則是駕駛艙。
想到十年後的年輕旅人可能無法想像搭飛機坐在上層的感覺，就完全體會到身處747這個
時代的幸運和美好。

比起A350和787的窗戶747確實小了很多，但這雙窗曾經依偎著多少遊子和旅人的愁思?

平時沒機會一見的駕駛艙難得一窺的機會居然就是最後一面了

最後別忘了，下層尾端還有個神祕空間就是組員休息室。
爬上階梯膠囊旅館般的上下層睡鋪映入眼簾，幾年前747飛遍各大洲時，航程途中組員都
會輪流在這休息。

走下空橋回頭再看一眼，再會了!

參觀完客艙，華航還安排了超多精彩活動，可以玩扭蛋機抽各款747塗裝模型。

還有專業攝影幫忙拍活動背板，拍完立刻印出裝進紀念卡。

一邊備有華膳空廚準備的餐點，送別會辦得比新機發表會更盛大，很欣賞航空公司越來越
重視送舊的心態。

再來，一人一筆在機身簽名題字，寫下對女王最後的祝福話語。
怎能想到有一天會在波音747的鼻蓋正上方留下大字簽名呢!

現場並有機務、教官等各單位專業人員親自解說波音747的歷史與特點還有服務內容，沒
機會看見747引進時的轟動場景，至少我們有幸能搭乘她遨遊四海並在最後的時刻在一次
認識她的美好。

活動尾聲，修護工廠門口B-18215的正前方，一架A350客機象徵著世代交替，未來的長程
主力就此交棒。

兩旁還有僅存的747天合聯盟彩繪機、60周年彩繪機及波音737等機一同相伴，彷彿華航大
家庭的各個成員都一同前來送別。

而我們這些與會者分站B-18215的兩側，在鳴笛聲下拖車緩緩將B-18215拉出機棚，同時響
起Time to say goodbye的配樂，機身寫滿祝福的B-18215出場後先是望向A350接著華麗轉
身，廠棚大門開始緩緩拉上，大家就這麼一邊揮手一邊看著碩大的747機體一點一滴的消
失在眼前。
那一刻身為航空迷身為747多年的粉絲，真的快克制不住錄影時一邊顫抖的雙手還有漸漸
紅潤的眼眶。

永遠懷念從25年前搭乘華信747SP開始與女王結緣的點滴，曾經頻繁遇上747-400的回憶，
到後期深刻體認到遇一次少一次的感慨，還有拍機時每每見到747時發出的讚嘆，一直到
現在終究不得不說再見了!

謝謝華航747在過去46年來帶給我們的回憶，巨大的機翼承載著巨大的夢想，再見!

活動結束離開前工作人員又送上每人一袋紀念品，深色華航747圖樣帆布袋裝著華航梅花
口罩、747紀念帽、華航747垂直尾翼鑰匙圈、華航747四種塗裝鑰匙圈，實在有心!

這不只是今天活動的記錄，更是波音747在華航46年的最終回顧紀念。有笑有淚，很美很
苦，卻也很甜。

取材時間:2021.4.12，感謝收看。"
[分享]華航747女王想見你活動分享,2021/4/13,00:36:01,https://www.ptt.cc/bbs/Aviation/M.1618274165.A.DB3.html,cyc800715,Aviation,9,9,0,"這是一個本人很想參加，一起揪女友報名自己卻沒抽中的故事QQ

以下是她這次參訪的心得，不是機迷的她，也有深深的感觸。

回到家看到滿滿的戰利品只能說華航真的很有心辦這活動!!


好讀圖多板:
https://reurl.cc/g8omrp
純文字版:

說結婚前的運氣特別旺，原本不打算參加活動

Charles一直堅持要我一定要參加抽籤，

結果很幸運抽到參加「中華航空 Farewell My Queen 747女王想見你」的機會

而超想參加的Charles反而沒抽到


今天於是特地請假一日前往參加活動，活動內容相當豐富

包括：747紀錄片首映、粉絲排字747應援、空中女王實機參觀

女王機腹簽名見證、747模型機抽抽樂



早上10:30抵達桃園國際機場修護廠區覺得相當興奮

平時應該很難有機會可以來到這裡進到會場就看到空中女王歡迎我

現場相當熱鬧，來了許多媒體和參觀會員


活動開始後的人潮實在是太驚人了


典禮開始後可以一口氣看到華航各個時期的制服

後續參觀機艙時也能近距離看到穿著不同時期制服的空姐，覺得很棒


華航長官們為即將退役的空中女王簽名紀念


也有提供參加會員簽名，簽上部落格名稱安慰一下Charles


活動架設了看板讓每一個人可以拍照留念，現場直接輸出帶回家很貼心

另外也可以和空中女王近距離拍照，可惜我站太遠人看起來超小的


拍完照後來到重頭戲，參考空中女王的每一個細節


平時都關起來的廚房


經濟艙，在1990年引進第一架747-400時，經濟艙就有螢幕，當時應該是很高級的


商務艙，載過超過一億人次的空中女王，商務艙看起來有點歷史感了，位置很大


頭等艙，大家來參觀時都立馬來試躺一下

不能出國期間體驗乘坐每個不同艙別的座位，過過乾癮覺得很開心

已經飛行17個年頭的空中女王，商等艙還是保養得蠻好的


接著參觀空姐的休息室，工作人員說：最菜的兩位空姐只能坐著休息

臥鋪的下方則由最資深的學姊休息，體驗睡在空姐的臥鋪很好玩

上樓時樓梯很狹窄，抵達休息室還頻頻撞到頭

身高158公分的我都覺得很辛苦了，覺得飛長途的空姐們真的不容易


最後排了很久來到駕駛艙，近距離看著駕駛艙很想摸摸看


參觀完飛機後，趁著人比較少拍拍美麗的空中女王外觀

工作人員介紹到尾翼logo時分享最早期時，logo使用用貼的方式

結果曾經飛一飛logo就掉了很糗的趣事

後來經歷用畫的被嫌棄兩面不對稱、噴漆太生硬到現在的模樣，生動又漂亮


外面機坪停了60週年塗裝以及Skyteam塗裝飛機


參觀完畢後來玩扭蛋，準備的抽獎獎品相當豐富

有：SKYTEAM 1:250、幾米紀念款 1:250、華航經典款 1:250

合金紀念款 1:500、波音大藍鯨 1:200、華航經典款 1:130數量很多

應該幾乎是人人都抽得到模型機，相當有誠意


抽獎結束後舉辦了空中女王送別會，大家分享著自己與空中女王的回憶

還有人帶著很久前曾在747-400飛機上拍的紀念照

最後目送空中女王離開機棚，相當感人


回家後幫豐富的紀念品拍照，不得不說華航真的很貼心

現場準備餐點讓大家享用、抽獎拿禮物之外

離開前又給了每人一大盒餐盒和伴手禮，真的是滿載而歸


分享一下我的戰利品


燙金牛仔手提袋超美的


比官網公告上更多的小禮物


帽子質感很好


謝謝永遠的空中女王送了這麼棒的禮物


抽到的幾米紀念款 1:250


有獎徵答的空姐Ｑ版公仔，穿著各個時期的制服


[總結]

這次的活動真的充滿滿滿的感動和禮物，請假參加非常值得

工作人員相當用心，介紹了空中女王有趣的故事和歷史

也讓會員們近距離和空中女王拍照、參觀和乘坐

是很難買到的珍貴經驗

收到的每個禮物都超級喜歡的，以後回想起都會覺得是很棒的回憶"
[分享]華航747光榮退役紀錄,2021/4/15,14:12:05,https://www.ptt.cc/bbs/Aviation/M.1618495928.A.A9A.html,jay70134,Aviation,5,4,0,"圖文好讀版
https://jay7134.pixnet.net/blog/post/230478235
回顧華航營運747系列客機的歷史，最早可追溯回1975年引進747-100開始說起，距今
(2021)已有46年歷史。華航共操作過747-100、短版但飛行距離更長的747SP、747-200B與
(SF)、747-400F與今天的主角：客機版的747-400。

在2019年新冠疫情嚴重打擊全球航空市場與旅遊活動下，為了提高機隊營運效率，華航的
747-400終於也到了畫下句點的時刻，今天就簡單分享華航特別為747-400舉辦的最後一場
歡送活動「女王想見你」吧～

活動舉辦地點在桃園機場北側的「中華航空修護工廠園區」，一般遊客民眾沒獲邀的話很
難進到廠區裡。

這次活動設計得不錯，考量機艙空間較小，特別把參觀民眾分為好幾個小組，每組帶開進
行解說、飛機參觀、玩扭蛋、玩遊戲、拍照等活動，大家不會擠在一起大排長龍等拍照，
也讓大家不用花太久的時間就能參觀到747的神祕空間。

除了一般民眾、華航高層人員，也有不少曾在華航747上服務的空勤人員參與活動，每個
人都是離情依依啊。

經過簡單背景資料解說後就進入維修機棚啦，編號B-18215的747-400已經準備好為大家進
行最後一場公關活動了。

華航曾操作過19架747-400，但要特別說到B-18215，這是波音公司生產的最後一架
747-400客機，2005年4月26日出廠，距今(2021)僅16年，算是很年輕就退役的飛機。

好俏的屁股啊XD

機尾的垂直尾翼離地有19.4公尺，近6層樓高，人站在下面也變迷你了。

從機尾上機後，第一個看點就是傳說中的空服員休息室啦，這也是長程航班空服員輪班休
息的地方，利用機尾天花板打造一個小小的睡眠休憩空間，上去的樓梯蠻陡峭的。

聽曾在747執勤過的朋友說，爬樓梯真的要小心，一失足的話可是會滾到樓下廁所去XD 休
息室入口對面就是客用廁所！

無法站直的空間裡配置8張睡床、2張椅子，休息的座位安排有潛規則，菜鳥坐椅子睡、小
菜菜與中菜菜睡上鋪、資深學姊、座艙長才是睡下鋪，即便是下鋪也會區分王位，猜猜看
哪個是座艙長的床位？

每個床位皆配置閱讀燈，搭配拉簾很像背包客棧的床位。

（座艙長的床位是椅子旁的下鋪～）

再來就是大家很熟悉的經濟艙了，華航操作過的747-400經濟艙設備有兩種，椅背搭載鏡
子、網袋的款式最常見，另一種有USB充電孔的樣式在幾年前已先封存了。

我曾搭過華航的747-400去過東京、札幌、檀香山。

想回味747-400的飛行紀錄請看這邊：

2013-04-16 中華航空 CI018 桃園TPE-東京成田NRT。

飛去檀香山剛好搭到天合聯盟的彩繪機：中華航空 CI2、CI1 桃園TPE<>夏威夷檀香山
HNL 747-400 經濟艙飛機餐、機上娛樂、飛行經驗分享。

經濟艙的王位！

唉唉～一年多沒搭飛機出國了，看到這樣的椅背螢幕真的有點感傷啊～

那天也安排空服人員穿著華航歷代制服亮相，在機艙各處為大家解說各項設備怎麼使用與
過往執勤經驗。

以前都來這邊要東西吃喝的XD

便利商店的微波爐 (無誤)。但這有經過飛安相關認證的，貴很多。

第一層走到底就是早年的頭等艙了，配有12個可平躺的席位，當然以現在的角度來說這頭
等艙充滿懷舊科技感，但20多年前可是一等一的豪華設計，無數政商名流曾搭乘過，像是
郭XX與他的夫人最喜歡坐頭等艙唯一的相鄰座位出國。

華航作為台灣的國家航空公司，元首出訪也常由華航承包，747-400便擔任過數次元首專
機，也有總統專用的枕頭備品等等。

可平躺，又帶有按摩功能的座椅，20年前真的炫炮。

接著走上階梯來到二樓的商務艙空間～

二樓配有駕駛艙、駕駛員休息室、一個廚房與24個商務艙席位。

二樓後方小小的廚房空間。

幾年前聖誕節去北海道出差，有幸搭到747-400上層商務艙，那天還收到聖誕禮物呢～ 降
落前因天氣略為延誤，搭商務艙連誤點都變得很美好XD

飛行紀錄：CI130/131 桃園TPE<>札幌CTS 747-400上層商務艙/經濟艙/飛機餐/兒童餐 飛
行經驗分享。

二樓商務艙窗邊座位獨享的置物空間，超容易忘東西在裡面的！

廁所燈飾走復古路線。

再來就是大家最期待的駕駛艙了！這次也開放給大家拍得夠，而且螢幕、飛行電腦都有開
啟，看起來更有fu。

機長座位比我預期小很多，也不是很好進入，還好機師們體檢嚴格，體態大多不錯，不然
這個座位要久坐也是辛苦。

駕駛艙看出去的樣子。

駕駛艙後方的神祕小空間，是機師專屬的休息室，受限於機體空間，這個休息室又更狹小
了，配置兩張小小的單人床，是不是很像海軍當兵？

下機後到處走走參觀，等候儀式正式開始～

大大的機鼻與有人一半高的輪子。

巨大的發動機是「奇異CF6-80C2」，直徑達2.7公尺、長4.3公尺。

機尾腹部的廁所出水口。

藝術家 Tuna ? 小宇宙送我一張他畫的747-400明信片，在這個場合更具意義。

華航歷代男女空服員的制服一次排開展示，讓我最訝異的是最前面這套男生制服+圓帽，
也太文青了吧。

如果現在男生空服員也穿這套服務，不失為一大賣點呢！

整個儀式中我最期待在飛機上簽名啦，這種隨意塗鴉簽字在飛機上的活動可是很難得的說
～

本名就碼一下。

維修工廠外的停機坪停滿華航各式客機，747-400的彩繪機也在這裡。

搭載天合聯盟(SkyTeam)塗裝的B-18211。

搭載華航60周年彩繪的B-18210。

然後還有一個重要的排字活動，讓與會的大家排出747-400字樣。

與747-400對望的A350-900，象徵華航機隊的世代傳承，A350與777搭載的新一代客艙上線
後評價蠻好的，也期待疫情過去後可以快點搭飛機出國啊～

A350我特別有感情，2016被選上飛去法國土魯斯接機的經驗真的很特別。

中華航空A350-900XWB 豪華商務艙、豪華經濟艙、經濟艙、機上娛樂系統AVOD分享 加碼
駕駛艙與組員休息室實景照。

之後也搭了A350的商務艙：

中華航空 CI75 桃園TPE > 羅馬FCO 華航A350豪華商務艙 座椅、飛機餐、機上娛樂分享
。

中華航空 CI76 羅馬FCO>桃園TPE 全新A350豪華商務艙 飛機餐、座椅、機上娛樂、羅馬
機場貴賓室分享。

還有A350的經濟艙：

華航 CI104 桃園TPE > 東京成田NRT A350經濟艙、飛機餐、兒童餐分享。

由於活動跨到中午用餐時段，現場也請華膳準備點心甜點飲料給大家享用，印有747的蛋
白糖霜～可愛！

還有玩遊戲抽中的飛機模型～

現場也擺出華航emall販售的各式華航商品，頭等艙的中西式碗盤組很吸睛啊～ 有興趣的
話上華航emall都買得到。

全部活動大抵結束後，最後就是歡送747-400空中女王離開了，在「Time to say goodbye
」的音樂下，大家站在兩旁揮手與「空中女王」道別，747拖出後維修工廠大門緩緩關上
，儀式結束。

【影片看這裡】

華航的747-400客機全數退役後，也代表台灣的航空公司已無4具發動機的客機提供服務，
但747-400還不會這麼快就消失在台灣的天空。

截至2021年為止，華航尚操作18架747-400F貨機，也因為這批世界規模名列前茅的貨運機
隊，讓華航在疫情期間還能有穩定收入，努力度過這艱難的疫情風暴。

未來來桃園機場看飛機，還是有機會看到華航747貨機翱翔在台灣天空的，但能維持多久
就不一定囉～

＊想看更多華航飛行紀錄，點這邊：中華航空集團飛行紀錄。"
[新聞]華航最迷你嬌客首載活體蜜蜂飛加拿大助果園授粉,2021/4/16,15:29:37,https://www.ptt.cc/bbs/Aviation/M.1618586986.A.F1B.html,jdoe,Aviation,37,25,0,"[媒體名稱]
CNA 中央社
[新聞日期]
2012-04-16
[網址]
https://www.cna.com.tw/news/ahel/202104160097.aspx
[內文]
（中央社記者汪淑芬台北16日電）華航的貨運在疫情期間顯得更忙碌，最近首度

載運被喻為「最迷你的嬌客」的活體蜜蜂，由澳洲雪梨啟程，經桃園國際機場轉

機到溫哥華，幫助加拿大哥倫比亞省各處的果園授粉。


華航今天發布新聞稿，介紹首度承接運送授粉蜜蜂的貨運任務，共分 3 趟執行，

都以 A350-900 型客機腹艙執行，第一批蜜蜂於雪梨時間 7 日啟程，由 CI052

航班自雪梨飛往台灣，經桃園機場轉機後，接續8日CI032航班由台灣飛溫哥華。


華航說，第一批蜜峰送抵加拿大時備受關注，溫哥華國際機場以 Un-bee-lievable

在官方推特（Twitter）及 Instagram 發布貼文。


華航對於精密儀器、活生動物、珍稀古物及大型機具等各類特殊貨物有豐富運送

經驗。華航說，這次載運活體蜜蜂，除費時協助申請動植物來台過境檢疫許可外，

溫控管理是這項載運任務的重要關鍵。


華航說，依貨主要求，維持蜜蜂在低溫且通風的運送環境，每批運送外箱皆以乾

冰調節環境溫度在攝氏 2 到 8 度間，貨艙也由機長恆溫控制在攝氏 2 到 8 度，

降低蜜蜂在載運過程中的活動力，提高運送穩定度。


華航載運的蜜蜂抵台轉機時，蜜蜂貨盤優先進入倉儲溫控區完成過境程序，貨運

人員並持續補充乾冰，同時掌握貨盤轉運時效，避免移轉過程受天候、濕度等影

響，確保蜜蜂由秋天的南半球至春天的北半球一路旅途順暢。


華航說，配合營運班表規劃，第 2 批蜜蜂於台灣時間 15 日由 CI056 班機運抵

台灣，銜接當日 CI032 航班前往溫哥華；第 3 批蜜蜂預計下週安排載運。

（編輯：陳政偉）1100416
[心得]
澳洲出口的蜜蜂，加拿大引進... 是因為蜜蜂生命週期短、基因和生態影響相對

單純？不然輸出、引進外來種生物活體有點牴觸以往的認知


知道大溫哥華地區南邊 Richmond 或更郊區有菜園果園瓜田，從大溫哥華往東車

程大約半天、四五個小時的 Okanagan Valley 是農業區有葡萄園和酒莊，不知道

蜜蜂是不是要送去這邊打工...
https://i.imgur.com/8xLhchc.png
(
https://twitter.com/yvrairport/status/1380569241078755329
)


台灣媒體的新聞看起來(by Google、Yahoo! 新聞)都是今天 4/16 發的，而且感

覺是以華航新聞稿下去寫，國外航空迷、新聞網站 4/10 就有相關消息了──
https://simpleflying.com/china-airlines-vancouver-bees/
內容比較有航空點，也提供比較多面向的細節，嗡嗡嗡 Airbuzz A359 XD


Colony Collapse Disorder, CCD 蜂群崩潰症候群加拿大好像不嚴重、不像美國

應該單純是缺工所以引進移工吧
https://en.wikipedia.org/wiki/Colony_collapse_disorder
https://zh.wikipedia.org/zh-tw/CCD
蜜蜂衰竭失調"
[新聞]華航累計3機師+1家人確診！陳時中：前艙,2021/4/23,06:11:06,https://www.ptt.cc/bbs/Aviation/M.1619158268.A.E47.html,zkow,Aviation,156,55,5,"華航累計3機師+1家人確診！陳時中：前艙1270名機組員擴大採檢

ETTODAY

2021年04月23日 13:44

記者嚴云岑／台北報導

航空業最近不平靜，先是1078、1079國籍機師染疫，今（23）日又爆出案國籍航工2名印
尼籍機師確診，指揮中心指揮官陳時中表示，目前確診的都是華航貨機機師，會針對前艙
約1270名機組員擴大採檢，另外也呼籲後艙與家屬若有任何症狀要盡快來報採檢，讓整個
事情調查的更清楚。

中央流行疫情指揮中心今表示，今年4月21日接獲我國某航空公司通報，該公司1名印尼籍
40多歲男性貨機機師，4月20日執勤至澳洲時，自覺出現喉嚨癢情形，並於當地檢出
COVID-19陽性，指揮中心隨即啟動個案在臺活動史之調查，並針對在臺接觸者匡列及採檢
，其中2名接觸者檢出陽性，於今日確診（案1090、1091）。

案1090為印尼籍10多歲男性，為該名機師同住家人，近期無出國史，4月21日匡列為居家
隔離接觸者，並由衛生單位安排就醫採檢，4月22日出現喉嚨乾痛、暈眩等症狀，於今日
確診（Ct值30）。因為該名個案109年9月來台後，就沒有再出國，因此會列本土個案。

案1091為印尼籍50多歲男性，為該名機師之同事，4月4日至4月10日曾執勤至美國，期間
無症狀，返臺後於4月15日進行檢疫期滿採檢，結果為陰性；個案4月16日自覺有疲憊、身
體微熱情形，同日中午與該機師及案1090一同於台北清真寺活動，4月18日出現輕微咳嗽
症狀，經服藥後症狀改善，因預計返回印尼探親，4月21日進行自費採檢，於今日確診（
Ct值27）。
https://www.ettoday.net/news/20210423/1966659.htm
要擴大採檢，希望不要再擴散下去

看到清真寺活動感覺很令人害怕

這樣要採檢的對象還有多少人？

華航又要怎麼因應呢？

唉"
[新聞]4機師染疫！華航：全力配合疫調擴大採檢,2021/4/23,08:42:47,https://www.ptt.cc/bbs/Aviation/M.1619167369.A.169.html,zkow,Aviation,150,69,11,"快新聞／4機師染疫！華航：全力配合疫調擴大採檢

民視新聞網

2021年4月23日 週五 下午2:39

華航爆出4名機師確診武漢肺炎，華航今天表示，會全力配合指揮中心執行疫調、擴大採
檢等要求，也鼓勵所有機組員施打疫苗。

針對4名機師陸續染疫，華航今天表示，有關疫情資訊均由中央流行疫情指揮中心統一公
布，華航機組員執勤皆嚴謹遵守防疫規定，目前亦全力配合指揮中心執行疫調、擴大採檢
等要求，嚴格恪遵傳染病防治法相關規範辦理，儘速有效控制感染及避免疫情擴散。

華航說明，會持續進行防疫應變措施，相關航機、車輛、檢疫居所、辦公區域等，除原有
清潔消毒外，都已再度強化消毒及擴大消毒範圍。近日再升級防疫應變，除立即再次消毒
外，公司及機場等辦公處所皆增加消毒頻率，以美國FDA認證的高效消毒配方，每周兩次
清潔消毒，電梯內按鈕面板、扶手及各樓層電梯外面板，每小時以75%酒精擦拭，電梯內
部則以稀釋漂白水每日消毒4次，讓所有同仁皆可安心工作。

華航指出，相關人員皆依規定執行居家檢疫、自主健康管理等措施；為減少接觸及有效管
控，相關單位亦視需安排居家或分區辦公措施。外站管理也即刻重申要求，地勤代理商等
第一線作業單位，進入航機必須配戴口罩及必要防護裝備，以確保機組員安全；相關餐點
供應及人員進出機艙，也強化管理。

華航強調，機組員若發現進出機艙人員不符防疫規定，可當場要求及立即通報，公司將嚴
加懲處及要求地勤代理商落實執行，確保讓機組員安心執勤的環境。

華航表示，國際疫情仍然險峻，機組員位居航空業第一線，不論目的地疫情風險等級，依
然堅守工作崗位，完成飛航任務，即使機組員謹慎遵守防疫規定、嚴格落實防護，仍面臨
無所不在的病毒威脅，華航持續落實機組員執勤的防疫管理措施，以防疫、抗疫、降低傳
染風險為最高原則，包括量測體溫，佩戴口罩、手套、隔離衣、護目鏡等防護裝備。

飛航組員在駕駛艙內應全程佩戴口罩，僅於用餐或飲水時可輪流取下，不能同時有兩人未
戴口罩；在外站期間安排機場專用通道快速出入關、專用車輛接送、旅館加強清潔消毒，
安排房間內用餐，強化住房管理不得外出；鼓勵全員安全報告，齊心防疫。

華航致力確保每位第一線員工的身心健康，建立組員健康自主管理系統及設置防疫專線，
提供組員防疫諮詢，並持續提醒機組員勤洗手、使用酒精消毒，務必做到全方位保障機組
人員安全，嚴格落實防疫。

此外，華航鼓勵所有機組員施打疫苗，除了強化自身防護能力，也提升群體保護力，目前
已依機組員意願與檢疫管理規定，陸續安排機組員施打疫苗，將依指揮中心建議加速辦理
。

（民視新聞網／綜合報導）
https://s.yam.com/3o4DO
希望能好好檢查仔細

另外關於航空人員的相關管制跟隔離規定，未來可能要全盤檢討改進了

現在全球疫情持續升溫，台灣真的要很小心才行"
[新聞]華航稱疫苗「難約、接種少」莊人祥酸：,2021/4/24,13:47:01,https://www.ptt.cc/bbs/Aviation/M.1619272023.A.873.html,johnson0707,Aviation,91,37,8,"[媒體名稱]
TVBS
[新聞日期]
4/24
[網址]
https://bit.ly/3vhOMKo
[內文]
華航在短短一周內，爆出5名機師確診新冠肺炎，莊人祥表示，新增的案1092，同樣沒有施
打疫苗，也讓華航被點名施打率不高，雖然華航企業工會出面解釋，機組員施打意願高，但
就怕出現不良反應，影響排班甚至是考績，但莊人祥卻拿長榮和星宇來打臉華航。而被指揮
中心大酸後，華航也發聲明，強調已經和合作醫院談妥，擴大疫苗接種人數，掛號費用也會
由公司支付。

華航一週內爆出5名機師確診，其中至少有3人，都沒接種公費疫苗，還被點名施打率不高防
疫慢半拍，工會有話要說

華航企業工會理事長劉惠宗：「(若有不良反應)對於事病假來講是有影響考績的，所謂影響
考績，到了年底你的年終獎金就變少了，甚至會影響你的升遷。」
華航工會點出，擔心不良反應也怕公費疫苗預約難等，只是這些說法，聽在莊人祥耳裡卻被
打臉。

指揮中心發言人莊人祥：「華航公司跟接種合約的醫院，只要談好，目前其實看起來都是無
名額上限，所以不是很清楚，為什麼他們會說不太好安排，比如說長榮他們工會預約就沒這
個問題，星宇也是。」
莊人祥不客氣，拿長榮和星宇狂酸華航截至24日，長榮航空有235名機師施打，華航機師卻
只有44人，再看看民航局的統計，華航能施打疫苗人數，機師和空服員總共4300多位，目前
進度施打率只有6%，對比同樣是國籍航空長榮4/12開始安排，超過500名空地勤打疫苗，華
航4月下旬陸續開打，截至23日近300名空勤完成施打，而遭到指揮中心反擊，華航再發聲明
，強調已與合作醫院商談擴大施打人數及提供專屬名額，五月份起將於機組員班表中加速安
排大規模接種由公司支付掛號等相關費用。

指揮中心發言人莊人祥：「目前華航機師(採檢)1272人，感染的人數先確認出來。」
指揮中心擴大採檢，預計從下周一起分兩批採檢，同時加快腳步希望三天內完成另外傳出機
組員，也希望能直接在機場檢驗，莊人祥表示會再討論。
[心得]
有疫苗還是快快打吧，保護自己也保護努力堅守的得來不易的防疫成果，這樣只有突增民眾
恐慌"
[新聞]華航機師染疫案擴大再增2人確診武漢肺炎,2021/4/25,06:34:58,https://www.ptt.cc/bbs/Aviation/M.1619332500.A.119.html,z520314,Aviation,58,23,5,"[媒體名稱]
中央社
[新聞日期]
2021/4/25
[網址]
https://www.cna.com.tw/news/firstnews/202104255003.aspx
[內文]
（中央社記者張茗喧、許秩維台北25日電）華航機師染疫案擴大，疫情指揮中心指揮官陳
時中今天宣布，經採檢再增2人確診，1人為回溯採檢、1為居家檢疫者，累計6名華航機組
員在國內確診。

一名華航印尼籍貨機機師20日在澳洲確診武漢肺炎（2019冠狀病毒疾病，COVID-19），中
央流行疫情指揮中心緊急採檢在台接觸者，共驗出3人染疫，包括該機師兒子（案1090）
以及外籍貨機機師（案1091）、本國籍貨機機師（案1092）；另對華航1270多名前艙機組
員進行擴大採檢。

中央流行疫情指揮中心指揮官陳時中今天下午在疫情記者會中宣布新增確診個案，案1100
為本國籍50多歲男性，個案4月13日至17日到美國執勤，
、Ct值36，
血清抗體為陰性，確診住院後再次檢驗又是陰性，接觸者11人。

陳時中指出，案1101為本國籍30多歲男性，4月22返台進行3天居家檢疫後採檢確診，Ct值
為28，血清抗體陰性，住院後採檢Ct值變34，相關疫調已經展開。

疾管署新聞稿：

中央流行疫情指揮中心今天表示，因應某航空公司機師於澳洲檢出COVID-19陽性，指揮中
心啟動個案在台活動史調查，並針對在台接觸者匡列及回溯採檢，今天再新增一名回溯採
檢者檢出陽性（案1100）；另新增一名居家檢疫期滿者檢出陽性（案1101），同為該航空
之機師。

指揮中心說明，案1100為本國籍50多歲男性，為該航空公司之貨機機組員，個案13日至17
日曾執勤至美國，18日抵台，居家檢疫3天，21日由公司安排自費期滿採檢，結果為陰性
；22日因指揮中心針對澳洲檢出陽性機師之接觸者進行回溯採檢，於今日確診（Ct值36，
住院後核酸檢驗陰性，血清抗體陰性），感染源現正調查中。已掌握接觸者共11人，其中
3人列居家隔離，8人列自主健康管理；11名接觸者中5人已採檢核酸及血清抗體，其中一
人核酸及血清抗體陰性、4人檢驗中，餘6人待採檢。

指揮中心指出，案1101為本國籍30多歲男性，同為該航空公司之貨機機師，於18日與另3
名機組員一同執勤至德國，並由公司安排於當地旅館檢疫，22日返台後進行3天居家檢疫
，24日檢疫期滿後由公司安排採檢，於今天確診（Ct值28，住院後採檢Ct值34、血清抗體
陰性），感染源現正調查中。已掌握個案接觸者共17名，列自主健康管理，均安排核酸及
血清抗體檢驗，其中5人檢驗中，餘12人待採檢。

指揮中心表示，因應機師感染事件，自24日起，已啟動該航空公司飛航組員全面核酸及血
清採檢專案，預計採檢1,272人；截至昨天核酸檢驗已採檢261人，其中一人陽性（案1101
），260人陰性；血清檢驗已採200人，其中199人陰性，一名檢驗中，將儘速完成採檢相
關作業。（編輯：唐聲揚）1100425
[心得]
這案例居家後為陰性，如果又發生跟印尼機師一樣不把自主健康管理當一回事

是否這縮短居家檢疫的政策會變得跟笑話一樣沒用處了?"
[新聞]快訊／華航機師染疫+2！累積10人確診,2021/4/26,06:10:50,https://www.ptt.cc/bbs/Aviation/M.1619417452.A.4C5.html,zkow,Aviation,371,98,8,"快訊／華航機師染疫+2！累積10人確診

ETTODAY

2021年04月26日 14:07

記者洪巧藍／台北報導

華航機師染疫風波持續擴大，中央流行疫情指揮中心指揮官陳時中今（26）日宣布，因應
某航空公司機師於澳洲檢出COVID-19陽性，指揮中心啟動航空公司飛航機師採檢專案，對
全數機師人員進行採檢，今日再新增2名採檢者檢出陽性(案1102、案1105)。

指揮中心說明，案1102為本國籍30多歲男性，為該航空公司貨機機師，個案今(2021)年4
月6日至4月9日曾執勤美國，返臺後居家檢疫至4月14日，採檢結果為陰性，在臺期間並無
症狀；4月19日至4月22日再次執勤至美國，返臺後於住家進行居家檢疫，4月24日出現咳
嗽、發燒(37.8度)等症狀，4月25日進行期滿前採檢，於今日確診(Ct值18)。個案感染源
正調查中，衛生單位已匡列接觸者6人，皆採居家隔離。

指揮中心表示，案1105為本國籍40多歲男性，為該航空公司貨機機師，個案今年4月8日至
4月10日曾執勤美國，返臺後居家檢疫至4月15日，採檢結果為陰性，檢疫期間並無症狀；
4月25日因飛航機師採檢專案進行採檢，於今日確診(Ct值32)，個案自述4月19日起出現食
慾不佳症狀。個案感染源正調查中，衛生單位已匡列家庭接觸者3人，列居家隔離，職場
接觸者匡列中。

指揮中心統計，截至目前國內累計203,734例新型冠狀病毒肺炎相關通報(含201,523例排
除)，其中1,104例確診，分別為979例境外移入，78例本土病例，36例敦睦艦隊、2例航空
器感染、1例不明及8例調查中；另1例(案530)移除為空號。確診個案中12人死亡、1,046
人解除隔離、45人住院隔離中。
https://www.ettoday.net/news/20210426/1968408.htm
到底還有多少機師確診，要不是全面檢查，還真的不曉得已經這麼多人了

希望還是能盡快擬定機組員的隔離政策

感覺太恐怖了"
[新聞]華航機師染疫案擴大澳洲確診機師家人染,2021/4/27,07:58:33,https://www.ptt.cc/bbs/Aviation/M.1619510318.A.AE8.html,simsin5566,Aviation,200,68,10,"華航機師染疫案擴大 澳洲確診機師家人染疫

UDN  2021-04-27 14:10 聯合報 / 記者楊雅棠、陳雨鑫／台北即時報導

網址：
https://udn.com/news/story/120940/5416903
華航機師染疫事件持續擴大，指揮中心宣布新增一例本土新冠肺炎確診病例（案1111），

為澳洲驗出陽性機師及案1090的同住家人。全案已累計九名機師、兩名家人染疫。


指揮中心疫情監測組組長、疾管署長周志浩表示，案1111為印尼籍40多歲女性，近期無出

國史。今年4月21日匡列為居家隔離接觸者，當日及次日（4月22日）採檢結果均為陰性。

4月26日出現喉嚨乾、身體痛、暈眩、口苦、噁心、睡不著等症狀，由衛生單位安排採檢

，於今日確診，Ct值22。


個案家庭接觸者一人，延長居家隔離日期至5月10日，另匡列3名接觸者，為防疫計程車司

機，接觸時雙方皆佩戴口罩，列自主健康管理。發言人莊人祥表示，案1111因為全家住一

起，因此感染源可能是在澳洲確診的機師先生，也可能是案1090的兒子。16日自清真寺回

家後，可能澳洲確診機師和小孩被感染，但還在潛伏期。由於澳洲確診機師確診日為20日

，因此發病日可能是18日至20日之間。該機師17日至18日都有短程飛機，也都有返家，20

日才飛長程，因此案1111不清楚究竟是被小孩或先生傳染。


指揮中心統計，截至目前國內累計1110例確診，分別為984例境外移入，79例本土病例，

36例敦睦艦隊、2例航空器感染、1例不明及8例調查中；另案530移除為空號。 確診個案

中12人死亡、1,050人解除隔離、48人住院隔離中。


心得：

航空公司的相關確診案例越來越多，重點是有些仍然感染源不明，這是比較令人擔心的，

希望能盡快控制住案情，讓國人跟航空人員都能更安心。"
[新聞]華航近2百機師遭隔離恐衝擊貨運量能,2021/4/29,08:12:34,https://www.ptt.cc/bbs/Aviation/M.1619683956.A.756.html,zkow,Aviation,37,15,2,"清空諾富特飯店！華航近2百機師遭隔離 恐衝擊貨運量能

葉韋辰

2021年4月29日 週四 下午3:10

華航諾富特飯店因為出現1名飯店員工確診，因此中央流行疫情指揮中心指示今（29）日
淨空整個飯店，中華航空機師、飯店員工以及一般房客一共412人分別移置到6個集中檢疫
所。

指揮中心說這名飯店員工17日出現症狀，也就是說自15日就有傳染力，但直到27日出現肺
炎症狀到醫院就醫才確診，因此華航諾富特飯店必須清空所有人員，執行消毒計畫，包含
飯店員工207個，華航本國籍機師109人、外籍機師76人，以及一館一般住房民眾20人分別
被送往6個不同的集中檢疫所。

原本機師回國只要檢疫3天，加上PCR採檢陰性就能出關，就快要檢疫結束的機師只要完全
自己的檢疫期就好。但指揮中心為了慎重起見，其他飯店員工和旅客就得隔離14天。

然而現在多為貨運航班，華航一共1千多名的機師，現在已經將近200人在隔離或是治療狀
態，恐怕也會衝擊貨運運能。指揮中心說若有隔離中的機師被排班，會安排防疫通道讓他
去執勤，其他人依照規定完成3天檢疫還是可以回去工作，而華航回應「相關航班異動請
關注華航官網」。

《TVBS》提醒您：

因應新冠肺炎疫情，疾管署持續加強疫情監測與邊境管制措施，

如有疑似症狀，請撥打：1922專線，或0800-001922，

並依指示配戴口罩儘速就醫，同時主動告知醫師旅遊史及接觸史，以利及時診斷及通報。
https://s.yam.com/auCgN
由於整個飯店清空，華航的機師就185個需要隔離

恐怕對華航會產生很大的影響跟挑戰

大家怎麼看？

這波感覺超恐怖"
[新聞]機師染疫案擴大華航取消5/15前北美12來回航班,2021/4/30,01:45:46,https://www.ptt.cc/bbs/Aviation/M.1619747156.A.144.html,laptic,Aviation,61,28,1,"[媒體名稱]
中央社
[新聞日期]
2021/04/30 09:34
[網址]
https://www.cna.com.tw/news/firstnews/202104300023.aspx
[內文]
https://i.imgur.com/FUjB9Mm.jpg
華航在官網中宣布，5月15日前取消洛杉磯、舊金山及溫哥華3地部分日期的來回航班，總
計12航班，24架次。（中央社檔案照片）


（中央社記者余曉涵台北30日電）

華航機師染疫案擴大，華航也在官網中宣布，5月15日前取消洛杉磯、舊金山及溫哥華3地
部分日期的來回航班，總計12航班，24架次。

中華航空機師確診武漢肺炎（2019冠狀病毒疾病，COVID-19）疫情擴大，也連帶影響航班。

華航已經在官網中宣布，配合政府防疫政策，29日起到5月15日期間將取消北美部分航班
，旅客可於華航官網查詢航班動態、下載華航APP，及登錄行動簡訊通知，掌握最新航班
動態。

根據華航官網，取消航班為4月29日、5月4日、5月6日、5月9日、5月11日、5月13日的
CI008桃園-洛杉磯；5月1日、5月6日、5月8日、5月11日、5月13日及5月15日的CI007洛杉
磯-桃園。

4月29日、5月2日、5月6日、5月9日、5月13日的CI004桃園-舊金山；5月1日、5月4日、5
月8日、5月11日、5月15日的CI003舊金山-桃園。

5月2日的CI032桃園-溫哥華；5月4日CI031溫哥華- 桃園。

（編輯：張銘坤）
[心得]
圖片版：
https://i.imgur.com/haUt2cL.jpg
在疾管署指揮中心日前的記者會中，製作的圖表中已經有提示「刻正安排其餘機組人員採
檢事宜，航空公司將取消部分航班以加快進度」。

因此，華航如今的安排，似乎是在預料範圍之內的吧？


無論如何，計劃搭乘前述航班的，記得注意相關信息，以防到了機場後撲空……"
[新聞]華航擴大減班！取消三大洲24航班,2021/4/30,13:22:30,https://www.ptt.cc/bbs/Aviation/M.1619788952.A.D4C.html,zkow,Aviation,7,5,0,"華航擴大減班！取消三大洲24航班

Nownews新聞

記者林莞茜／綜合報導

2021年4月30日 週五 下午8:18

華航機師染疫事件延燒到防疫旅館諾富特飯店，截至今（30）日已釀成10例本土個案，原
規劃取消到5月15日前長程航線12個來回航班的華航，下午再敲定擴大取消為24來回航班
，共計48架次受影響停飛。

諾富特飯店為華航機組員在外站執勤過夜後，返台後的居家檢疫處所，不過因應防房務主
管染疫，已於29日全面淨空，除了飯店員工外，有109名機師被送往集中檢疫所進行14天
隔離，指揮中心也要求在4月15日至4月28日有出入諾富特飯店的民眾，需進行14天居家健
康管理。

為配合防疫規定，華航今日上午宣布航班異動，4月29日到5月15日期間將取消北美部分航
班，其中包含洛杉磯6班、舊金山5班、溫哥華1班來回等航線共12航班，共計24架次。

但由於疫情升溫，華航擴大管控措施，除了北美航線外，下午決議減少歐洲、大洋洲等航
線。台北-洛杉磯、台北-舊金山、台北-溫哥華、台北-阿姆斯特丹、台北-法蘭克福、台
北-倫敦、台北-雪梨、台北-墨爾本、台北-布里斯本共24班來回航班取消載客，共計48架
次受到影響，不過未減少貨機航班。

根據華航官網顯示，取消的班次分別為：

CI008桃園飛洛杉磯，4月29日、5月4日、5月6日、5月9日、5月11日、5月13日。

CI007洛杉磯飛桃園，5月1日、5月6日、5月8日、5月11日、5月13日、5月15日。

CI004桃園飛舊金山，4月29日、5月2日、5月6日、5月9日、5月13日。

CI003舊金山飛桃園，5月1日、5月4日、5月8日、5月11日、5月15日。

CI032桃園飛溫哥華，5月2日。

CI031溫哥華飛桃園，5月4日。

CI073桃園飛阿姆斯特丹，4月30日、5月7日、5月14日。

CI074阿姆斯特丹飛桃園，5月1日、5月8日、5月15日。

CI061桃園飛法蘭克福，4月29日、5月6日、5月13日。

CI062法蘭克福飛桃園，5月1日、5月8日、5月15日。

CI081桃園飛倫敦（希斯洛機場），5月7日、5月14日。

CI082倫敦（希斯洛機場）飛桃園，5月8日、5月15日。

CI055桃園飛雪梨，5月5日、5月12日。

CI052雪梨飛桃園，5月6日、5月13日。

CI057桃園飛墨爾本，5月5日。

CI058墨爾本飛桃園，5月6日。

CI053桃園飛布里斯本，5月12日。

CI054布里斯本飛桃園，5月13日。
https://s.yam.com/o8x85
華航班機大砍，趁這次好好整頓整個防疫機制

然後機師確診後續影響要持續觀察下去

不知道會不會繼續擴大，希望不要，大家怎麼看"
[問卦]華航能改善台鐵改不了？,2021/4/2,03:24:23,https://www.ptt.cc/bbs/Gossiping/M.1617333867.A.9DD.html,shonbig,Gossiping,26,12,0,"二十歲以上的大概都知道華航曾有四年大限的都市傳說

從1994年到2002年每四年間都要出幾百條人命

但後來大力革新將利用裙帶關係進入公司的高層主管開除後(by wiki)

除了2007年沖繩火燒機以外就不曾再有重大事故

就我所知目前台鐵裙帶關係還是很嚴重啦

光我鄰居家就兩代人都不用經過考試進入台鐵的

有沒有台鐵無法徹底改革的八卦？"
[問卦]華航改名又要下禮拜五了？,2021/4/2,10:32:15,https://www.ptt.cc/bbs/Gossiping/M.1617359537.A.D11.html,behati,Gossiping,20,6,6,"https://i.imgur.com/zN3Lxwq.jpg
今天發生重大交通事故
是不是大家又會忘了華航要改名
大概又要等下禮拜五了

尤其這次部長可能也保不住了
這樣的話
華航改名是不是要胎死腹中了
再也不用期待每個禮拜五了嗎..."
[問卦]華航更名是不是被遺忘了？,2021/4/2,17:33:53,https://www.ptt.cc/bbs/Gossiping/M.1617384835.A.73E.html,illmatic,Gossiping,13,5,4,"昨天又度過一個星期五，從武漢肺炎開始到現在準備結束，目前已經沒人談起華航更名一
事。
會不會當初宣示的交通部長任內，註定改不了，恐怕留下遺憾了？
"
Re:[問卦]華航更名是不是被遺忘了？,2021/4/2,18:08:10,https://www.ptt.cc/bbs/Gossiping/M.1617386892.A.FEA.html,lunenera,Gossiping,1,1,0,"正名很久了 還在下周五?
要用心看 難度比華航Cargo上的台灣又高了一級
https://i.imgur.com/sxeoLUY.png"
[問卦]台鐵怎麼跟當年的華航那麼像？,2021/4/3,02:21:32,https://www.ptt.cc/bbs/Gossiping/M.1617416494.A.6D1.html,doomsday1234,Gossiping,16,6,0,"台鐵那麼常出事，怎麼跟以前的華航好像？以前華航每隔幾年就出大事，死了一堆人，也
把
台灣的臉都丟光了。後來華航怎麼改進飛安問題的？有掛嗎？可以讓台鐵參考一下。
"
[問卦]台鐵是不是比華航還危險?,2021/4/3,03:12:18,https://www.ptt.cc/bbs/Gossiping/M.1617419540.A.B98.html,obrag,Gossiping,11,2,1,"台鐵這幾年的事故率比華航還高很多
華航以前雖然發生過許多事故
這幾年的表現卻愈來愈好,品質提升有目共睹
我以前不敢搭華航,現在敢搭了
但我現在不敢搭台鐵了


"
[問卦]台鐵是否會比照華航空難撤換408車次號？,2021/4/3,08:51:12,https://www.ptt.cc/bbs/Gossiping/M.1617439874.A.BDF.html,charlesgreen,Gossiping,2,1,0,"看了一下今天台鐵車次表

408車次太魯閣號今天依舊照常行駛

台鐵有沒有可能撤換408這種車次號碼呢

還記得華航在1998大園空難

2002年澎湖外海空難

都造成很嚴重罹難

兩個事件日後所屬的班機編號也撤換了

因此台鐵是否會比照華航會撤換更名408車次呢？"
[問卦]台鐵可以像華航一樣救回來嗎？,2021/4/3,11:49:45,https://www.ptt.cc/bbs/Gossiping/M.1617450587.A.791.html,konane,Gossiping,18,8,0,"是這樣啦
本魯看到台鐵近幾年事故不斷
不少乘客因此罹難
本魯就想到２０幾年前的華航
大園空難 名古屋空難 澎湖空難
一件接一件連續發生
也造成很多人罹難
簡直就是一間爛到出名的公司
不過最近這幾年回頭來看華航
已經很少聽到飛安事件
整個公司好像脫胎換骨一樣
雖然還比不上長榮啦
但這十幾年表現也算不錯了
甚至去年疫情期間還大賺錢
到底華航當初作了什麼樣的改革？
現在台鐵可以像華航一樣救得回來嗎？"
[問卦]華航空難後有什麼變革嗎？台鐵？,2021/4/3,16:24:02,https://www.ptt.cc/bbs/Gossiping/M.1617467044.A.71D.html,leona12,Gossiping,10,3,1,"台鐵這次的慘劇

搞得舉世矚目

根本是鐵路界的華航

難道不用趁這次改革的機會大破大立嗎？

當年華航空難後有哪些變革可參考？

卦？


"
[問卦]台鐵如果給華航管會怎樣？,2021/4/4,15:21:51,https://www.ptt.cc/bbs/Gossiping/M.1617549713.A.B62.html,tennoji2003,Gossiping,5,3,0,"中華航空公司，台灣排名第二的航空公司，空服員女的美男的帥，服務品質還算不錯，尤其
現在又是航空業的寒冬，如果把台鐵給華航管的話會怎樣呢？
有沒有八卦？
"
[問卦]台鐵學一下當初的華航好嗎？,2021/4/4,18:51:29,https://www.ptt.cc/bbs/Gossiping/M.1617562291.A.70D.html,tsuyoshi2501,Gossiping,470,177,31,"華航之前四年魔咒，每四年摔一架後 經過名古屋 大園到澎湖 最後痛下決心
延請外國人當副總來整個打掉重練從新建立制度，之後在經歷改革陣痛期後浴火重生

台鐵 2018到現在 坦白說根本就沒有改變啥吧
建議直接比照華航模式

台鐵國營公司化 國家佔51或是49
延請外國團隊進台鐵重新建立起制度
請JR來協助最好

原本的爛帳比照日本國鐵改成JR時的狀況，成立清算機構由政府及清算機構來處理，看是
政府出還是賣台鐵已無使用的地來結算。

而新成立TR台灣鐵道公司來承接
高鐵捷運可以作到能比美日本的營運
台鐵為何就不能做到 我就爛的概念嗎？

當初日本國鐵坑更深，日本也是咬牙去改革成立JR才讓國鐵末期的弊病得以清除
日本能台灣就不能嗎？"
Re:[問卦]台鐵學一下當初的華航好嗎？,2021/4/4,19:35:18,https://www.ptt.cc/bbs/Gossiping/M.1617564921.A.307.html,gourmand,Gossiping,30,17,3,"學華航什麼？請問是不是忘了私菸案？

沒有很久以前耶，2019年才兩年前的事而已就能忘得一乾二淨喔。


最好笑的是，當時記得有位私菸案的關鍵人物

是一位扁政府末期知道自己可能快敗選

低調塞進華航放了很久

DPP拿回執政權後，一舉擢升到重要職務的野百合學運健將

喔類似角色好像也不只一位喔，另一位疑似皇親國戚

民進黨重新執政後就雞犬升天成神啦，也在私菸案中扮演重要角色



鄉民真的很健忘呢。




如果是公務機關能這樣搞嗎？很多人批評公務機關用人僵化

但往另一面想就是他升遷制度夠嚴謹

管你是誰的人，不符合任用資格就是擔任不了主管職務。

管你後面有幾座山，

你還得要考試及格，及格後還得要慢慢熬個幾年

然後一個還算有點吸引力的退休制度綁在那邊，

這讓多數人在故意從事犯罪行為之前，

至少會好好先衡量利弊。



當然現在年改砍成這樣，

其實提高了公務員犯罪的誘因啦但那題外話就不講了






如果一個東西他有很高的公共財的性質

大家要思考的是，

要追求的是效率

還是要不犯錯，且提供基本的服務


公共財有必要很有效率嗎？

效率意味著什麼，意味著不賺錢的東西他不做。

所以如果鐵路由民間運營，

那的確這次出軌事件也許不會發生吧，

因為根本不會開了

一條路線維護成本那麼高，一下山崩一下颱風一下土石流

運量才多少，動不動還要出事賠個幾億，那不開之後

可憐的是誰倒楣的是誰





而不追求效率　

和可以讓一個有不良前科的包商一直得標

也完全是兩回事耶

這已經不是不追求效率的問題而是政治腐敗的問題了

政治腐敗是系統性的問題

應該從政治腐敗的原因改變起





結果現在卻是有人把政治腐敗

歸結到是因為他不追求效率　

根本搞錯重點

為何?

因為追求效率 和 容許政治腐敗 根本不是相斥概念

追求經營效率和容許政治腐敗



本來就可以在同一間公營企業發生

私菸案不就是最好的例子嗎



而今天討論公共財 公共工程 討論政治腐敗

結果居然是去苛責他不追求效率他該死

這是怎樣？聲東擊西？

只要緊咬他沒效率，大家就不會注意政治腐敗了是吧？






民營化也好，公司化也好，都只是治標不治本

表面上看似好的解法，往往都只是製造更多問題


丟出去了看不到了

不等於系統性的問題就會自動得到解決

還是有些人以為丟出去了，看不到了就是得到解決了？






所以說學華航，請問是要學啥？是要學華航酬庸、運菸嗎？

還需要什麼其他例子的話

那建議去研究一下高鐵和二次金改吧

哪一次不是惡果全民買單

高鐵民營化後破產全民買單救高鐵

後來依然不太賺錢只有財報上看起來數字還可以，

實際上依然是各種陸續買單中喔。



對啊看不到所以覺得不痛是吧，政府持股增資不是你我買單嗎

還是有些人以為公司化後犯了錯就不用全民買單了？

當然買單了，而你我再也看不到。或很難看得到。





民營化這種事情誰執政時去提，誰就是不安好心，

他過程怎麼搞偷藏了什麼東西一般老百姓絕對看不到

除非你不是一般的老百姓。
忘了那位才幹過人的前發言人已經定調這是超買
失敬失敬

我直接從外媒smuggle(v.)這個字翻譯的啦，
我英文老師沒教過我這個字要翻成超買，見諒。
對後面沒有山的人很嚴謹
但後面有山的人只會更覺得這套制度綁手綁腳

不然為什麼凡是執政黨都喜歡修法提高非考試任用的%數

國民黨執政時民進黨罵得要死，
民進黨執政時喔，國民黨廢到連罵這個都不會，所以大家都不知道啊XD
問題在於：
1.一間公司賺錢 不等於他一定不腐敗 或一定不會犯罪
也不等於，他的決策就一定不會受政治因素影響

一間公司可以很賺錢但同時從事犯罪行為，或變成關係人的尋租溫床


2.個別國營公司賺錢，不等於就能達成公共任務
賺錢 與 達成公共任務 兩者未必有相關性

."
Re:[問卦]台鐵學一下當初的華航好嗎？,2021/4/4,19:42:46,https://www.ptt.cc/bbs/Gossiping/M.1617565368.A.47C.html,lesnaree2,Gossiping,13,5,0,"台鐵為什麼要民營、公司化？

因為下面這個新聞就寫得很清楚了啊

是不是很爽阿？

我們就是要塞滿自己人，又有更多網軍職缺囉
https://bit.ly/2Q0soWE
【華航全面民營化8】華航酬庸位置民進黨「坐好坐滿」　失業立委躋身子公司董座

其實，在蔡英文政府上台後，陸續透過政治任命，讓不少人進入華航集團旗下的主要子
公司，包華航董事長何煖軒，也兼任華膳空廚副董事長。擔任華膳空廚董事長的葉菊蘭
，也因為這個職務搭便車當上台灣觀光協會會長，而她的親信人馬、民進黨前媒創中心
副主任羅瓊雅也順勢進入台灣觀光協會出任副秘書長。另一位受矚目的華航資深副總羅
雅美，過去曾擔任國家安全會議前祕書長邱義仁的機要秘書，政治色彩不言而諭。"
[問卦]華航正名案是這週五嗎？,2021/4/5,10:20:37,https://www.ptt.cc/bbs/Gossiping/M.1617618039.A.3C5.html,Dreampen,Gossiping,25,11,7,"大家好，眾所矚目的華航正名案
會在名為下週五的日子提出

上週五放假，所以是不是這週五呢
有沒有八卦？

-
Sent from JPTT on my iPhone
"
[問卦]台鐵就像以前的華航？,2021/4/6,08:08:28,https://www.ptt.cc/bbs/Gossiping/M.1617696510.A.1B1.html,LMHK,Gossiping,9,2,1,"台鐵事故頻傳

就讓人想到以前也是國營的

中華航空

每四年就要掉一架飛機

死一堆人

華航以前的陋習，台鐵也是通通有

台鐵如果要重生可以借鏡華航嗎？

有沒有八卦？
"
Re:[問卦]台鐵就像以前的華航？,2021/4/6,08:19:30,https://www.ptt.cc/bbs/Gossiping/M.1617697172.A.042.html,NTU100,Gossiping,3,2,0,"華航好像找了一堆外國人後

國際化之後

底層我不知道，但是最起碼負面新聞比較沒有了

小時候聽到華航，只能說...年年有負面的新聞

華航當初是誰把華航重生?

幕後推手該不會又是美國爸爸?

版上都還有M起來的錄音檔

能把華航救起來，只能說真的不簡單!

所以公司組織給華人搞就是不行，一定要國際化?
"
[新聞]與華航機組員代表座談鄭文燦:會反映爭取,2021/4/8,15:33:43,https://www.ptt.cc/bbs/Gossiping/M.1617896027.A.6E4.html,semih,Gossiping,5,3,2,"https://news.ltn.com.tw/news/Taoyuan/breakingnews/3493810
自由時報
與華航機組員代表座談 鄭文燦：會反映爭取檢疫期間權益
2021/04/08 18:52

〔記者朱沛雄／桃園機場報導〕桃園市長鄭文燦上午前往華航總部與華航機組員就檢疫問
題進行座談。機組員代表表示，
長程航班機組員返國後須實施5天居家檢疫加上9天加強自
主健康管理的檢疫措施太過嚴苛，嚴重影響機組員日常生活及身心健康，希望能夠鬆綁。
鄭文燦表示，會向民航局與疾管局反映，保障機組員身心健康。
桃園市長鄭文燦上午前往華航總部，在華航董事長謝世謙陪同下與華航機組員代表進行座
談，了解機組員執勤後的檢疫期間所面臨的問題。現場機組人員反映執勤與檢疫不斷循環
造成的身心壓力，加強版自主健康管理規定也造成生活及就醫上諸多不便。

華航744機隊正機師陳建財表示，國籍組員確診人數為零，科學數據顯示政策上的執行有
效，
希望可以跟疾管署協調繼續放寬檢疫規定
；777機隊總機師盧希文則反映，曾有組員
的太太臨盆前出狀況，卻因居家隔離問題無法陪太太到院就醫，
希望中央疫情指揮中心能
再放寬5天居家隔離的規定。
空服組員代表指出，
外界對組員不太友善，以為我們是防疫漏洞，但其實我們是防疫第1
線，有些組員因健康問題須定期到醫院回診檢查，卻因9天加強自主健康管理的規定，讓
她無法如期到醫院回診檢查，希望可以政府鬆綁相關規定。
對於機組員代表的心聲，鄭文燦表示，機組員站在防疫的第1線，要減少健康狀況的風險
，目前機組員在執飛後需要5天的居家檢疫與9天的自主健康管理的加強版，因為加強版有
很多的禁止事項，包括就醫的權益都受到影響，會儘快了解實際清況，讓機組員在居家檢
疫與自主健康管理期間，身心都能得到保護，
需要民航局與疾管局協助的部分，市府也會
據實來反映。
鄭文燦指出，目前中央流行疫情指揮中心已經宣布，機組人員與第1線的航空作業人員可
以開始施打新冠疫苗，初步統計適合的人員約有3萬人，主要還是集中在桃園，有機組員
代表建議先造冊再到責任醫院施打，這部份會與民航局、疾管局討論，也希望機組員在施
打完疫苗後的防疫規定，可以再調整，讓在符合防疫規定與機組員的身心健康，能夠達到
平衡。


備註:陳時中你聽到了沒 鄭文燦都說話了"
[問卦]又到禮拜五了華航要改名台灣航空了嗎,2021/4/9,08:55:47,https://www.ptt.cc/bbs/Gossiping/M.1617958552.A.5E0.html,aju0921,Gossiping,89,66,12,"大家午安 大家好

又到了週末的前一刻了

等華航改名字也太久了吧

還是 CHINA AIRLINE啊 靠背

護照一樣 Republic of CHINA

你就是 Chinese 啊 哈哈哈哈哈哈

不改名 我不信老外分的出來啦

覺青咧 覺青！ 出來力推正名啊 不是很愛呆丸

飛不出去？ 那你他媽當初不要騙人嘛 XD
是否有專板
本板並非萬能問板
兩則
本看板嚴格禁止政治問卦
未滿30繁體中文字水桶3個月，嚴重者以鬧板論
-
Sent from JPTT on my iPhone"
[問卦]華航改名跟台鐵改革哪個比較難？,2021/4/10,02:05:16,https://www.ptt.cc/bbs/Gossiping/M.1618020318.A.2A6.html,tkna23,Gossiping,7,1,0,"台灣很多議題人人說要改

但是最後常常都淪為口號

華航改名跟台鐵改革哪個比較難？

在50年內 哪個會成功改革

還是兩者都不會改或是改不了

變成假議題?"
[新聞]旅遊泡泡要吹了？華航宣布4月17日飛帛琉,2021/4/13,05:11:24,https://www.ptt.cc/bbs/Gossiping/M.1618290688.A.989.html,joy2105feh,Gossiping,84,47,10,"備註請放最後面 違者新聞文章刪除

1.媒體來源:
UDN


2.記者署名:

記者曹悅華


3.完整新聞標題:

旅遊泡泡要吹了？華航宣布4月17日飛帛琉航班直接取消


4.完整新聞內文:

台帛旅遊泡泡買氣不理想，泡泡儼然快成為泡沫。日前更傳出有部分旅行社一度想退出，4月下旬就「不玩了」。今天旅行社更收到華航通知，4月14日的飛帛琉航班取消，但空機去接4月10日的旅客回台，4月17日航班則直接取消，業者就憂心，旅遊泡泡可能「快吹了」。

帛琉旅遊泡泡初期由華航執飛、每周兩班，首波合作旅行社包含雄獅、巨大、KKday、大榮、五福、鳳凰等六家，不過因團費太高、出遊限制太多等因素，導致帛琉團買氣很差。

儘管華航日前表態，已主動調降機票價格，後續也會取消收取旅行社的訂位作業金，希望協助旅行社加強銷售，業者態度軟化，決定「再賣賣看」，不過受到買氣太差影響，華航今天向旅行社宣布航班取消消息。

旅行業者向本報證實，4月14日台北飛帛琉幾乎可以說是一張機票都沒有賣出去，今天接獲華航通知，4月14日飛往帛琉航班取消，但會以空機載4月10日前往帛琉要返台的旅客，至於4月17的航班則直接取消。後面航班則未獲通知。

鳳凰旅行社也說，確實這兩天賣況不是很理想，取消是可以的，畢竟還沒有成團，後面航班也都還在銷售中。

對此，華航稍早表示，為推廣台帛旅遊泡泡，先前已主動調降機票價格，也取消收取旅行社訂位作業金，自行吸收相關成本，鼓勵旅行業者積極推廣，唯近期旅行社回報收客狀況仍不理想。考量載客率偏低，決定先取消4月17日來回航班，後續航班再和旅行業者一起努力行銷，期盼擴大台帛旅遊泡泡效益。

華航說，帛琉旅遊泡泡航班自4月1日開航迄今，總計飛航4班8個來回，總載客人數332人，總座位數1264座（每班158座X8)，載客率約26%。

華航說，台帛航線明天去程航班僅2人訂位，回程航班有47人，因此去程部份改成不載客營運，回程維持正常運行；4月17日去程僅2人訂位，回程無人訂位，因此取消來回航班。

5.完整新聞連結 (或短網址):
https://reurl.cc/nnM18l
6.備註:

政府這麼用心還沒人去玩

你各位為什麼要踐踏蔡政府的用心

-
Sent from JPTT on my iPhone"
[新聞]慘！明天出發僅2人訂位華航接連取消4/14,2021/4/13,05:33:16,https://www.ptt.cc/bbs/Gossiping/M.1618291999.A.3D1.html,KTjie,Gossiping,334,228,11,"備註請放最後面 違者新聞文章刪除

1.媒體來源:
自由

2.記者署名:
記者蕭玗欣／台北報導

3.完整新聞標題:
慘！明天出發僅2人訂位 華航接連取消4/14、4/17帛琉航班

4.完整新聞內文:
〔記者蕭玗欣／台北報導〕帛琉旅遊泡泡除4月1日首發團滿團，後續梯次接連銷售不佳，
中華航空今天證實，4月14日與4月17日去程航班僅2人訂位，因此4月14日去程部份改成不
載客營運，回程維持正常運行；4月17日去程僅2人訂位，回程無人訂位，因此取消來回航
班。

華航表示，為推廣台帛旅遊泡泡，先前已主動調降機票價格，也取消收取旅行社訂位作業
金，自行吸收相關成本，鼓勵旅行業者積極推廣，惟近期旅行社回報收客狀況仍不理想。
考量載客率偏低，決定先取消4月17日來回航班，後續航班再和旅行業者一起努力行銷，
期盼擴大台帛旅遊泡泡效益。

華航帛琉旅遊泡泡航班自4月1日開航迄今，總計飛航4班8個來回，總載客人數332人，總
座位數1264座（每班158座X8），載客率約26%。

5.完整新聞連結 (或短網址):
https://news.ltn.com.tw/news/life/breakingnews/3498159
6.備註:
帛琉總統現在在想啥"
Re:[新聞]慘！明天出發僅2人訂位華航接連取消4/14,2021/4/13,06:20:46,https://www.ptt.cc/bbs/Gossiping/M.1618294848.A.229.html,pandajohn,Gossiping,10,5,2,"明明載客率這麼差，
搞不好還賠錢，
為什麼
飛機沒飛上天
，
股票卻飛天了？
今天還一度
漲到18塊5 ""幾乎是""十年來的高點！
https://imgur.com/ijYr78F
(收在17塊多)

到底是旅遊泡泡，還是股市泡泡？
有沒有華航股價為什麼來到十年高點的八卦？
https://imgur.com/2STTnAq
是說載貨比載客好賺嗎？
賠錢載客
獲利有到十年高點嗎？
哇，真的假的"
Re:[爆卦]華航改名計時器，３３３天啦！,2021/4/14,04:00:50,https://www.ptt.cc/bbs/Gossiping/M.1618372854.A.A46.html,coldgotosbb,Gossiping,16,8,1,"滿周年了耶  不過最近鐵支新聞比較多

承諾周年了還有人記得嗎

這星期五還有沒有機會?

怕下星期五以後人事已非

華航改名是不是無望了?"
[問卦]華航空姐嫁給哪個職業居多,2021/4/19,16:18:09,https://www.ptt.cc/bbs/Gossiping/M.1618849091.A.B85.html,s523698,Gossiping,43,20,5,"在華航罷工路過

看過500名左右華航空姐

外型七成共通點

身高160以上

五官立體，白

知道她們嫁的對象

只有兩個

台積電工程師

餐飲名店二代

華航空姐的配偶

哪個職業居多呢？
是否有專板
本板並非萬能問板
兩則
本看板嚴格禁止政治問卦
未滿30繁體中文字水桶3個月，嚴重者以鬧板論"
Re:[問卦]華航空姐嫁給哪個職業居多,2021/4/19,16:26:44,https://www.ptt.cc/bbs/Gossiping/M.1618849606.A.D71.html,leona12,Gossiping,18,3,3,"我告訴你正解

那就是

華航空姐不會嫁太差

嫁太差很丟臉 不如不嫁



機師是機本款 還算差的

如果是醫牙律師之類

給人家請的還不夠格

要自己開業當老闆的才夠格

在來就商人、富二代 或是帥帥的ABC

大概是這樣


引述《s523698 (523698)》之銘言：
醫牙律師加起來好幾萬人
線上華航空姐才3000多人
自行開業當資方的才夠格

工程師都是被甩當跳板的那種
美美的空姐都住台北市 誰要住新竹阿

沒在豪洨的 當初罷工訴求是上班打卡要在台北市
醫生每年畢業ㄧ千多人 十年就ㄧ萬多人
還沒算牙醫律師
我是有實例的 真的聽到嫁的有自己的事務所
好心跟你們分享
ㄧ堆人不信

這是看臉的時代 物以稀為貴
好啦 你不信就算了 聽我一言算你賺到
沒什麼咖阿
就身材好的氣質正妹比例比較高而已
需要這麼氣？

 對了

想到一個特例 作參考 連勝武
04/20/2021 01:00:53"
[新聞]華航林志玲爆乳出嫁！起底新郎超狂背景,2021/4/20,06:59:18,https://www.ptt.cc/bbs/Gossiping/M.1618901960.A.7EB.html,Boyzone,Gossiping,287,185,23,"華航林志玲爆乳出嫁！起底新郎超狂背景「天王愛將」


聯合報 記者林士傑／即時報導


被喻為
「華航林志玲」的Kelly（陳詠欣）
上周日舉辦婚宴，
廖士元（十元），王力宏當日到場祝賀，滿臉鬍渣模樣相當滄桑。
https://i.imgur.com/sEPKoJY.jpg
王力宏(左起)祝福廖士元、Kelly新婚愉快。圖／宏聲文化提供

Kelly跟廖士元交往期間多是遠距離關係，Kelly忙著空姐工作，廖士元得陪著王力宏出國
，負責拍攝、剪接、製作各種影片與平面攝影工作，因此小倆口往往3、4個月見不到面，
最常約會的地方則是機場。聚少離多的狀況讓兩人一度相當沮喪，前段時間因為疫情緣故
，交往5年的兩人反而有機會好好相處，也決定互許終身。

在交換誓言時，廖士元引用王力宏「我們的歌」的歌詞：「情人總是分分合合，可是我們
卻越愛越深。」相當感人。王力宏以「Forever Love」的歌詞祝福佳偶：「你會是所有幸
福的理由。」
https://i.imgur.com/HimwXuv.jpg
https://stars.udn.com/star/amp/story/10089/5399818"
Re:[爆卦]華航改名計時器，３３３天啦！,2021/4/21,02:09:03,https://www.ptt.cc/bbs/Gossiping/M.1618970945.A.C06.html,sunyeah,Gossiping,21,4,2,"到底華航會先改名呢?

還是台北市的中國路名會先改名呢?


一個是政府官股
一個是政府自己就可以決定要不要改
看起來都是可以自主的

到底哪一件case會先馳得點呢?"
[新聞]台灣阿北復活2小時又不見!柯文哲談華航正名,2021/4/21,06:34:01,https://www.ptt.cc/bbs/Gossiping/M.1618986843.A.D96.html,MagicMoney,Gossiping,100,54,7,"備註請放最後面 違者新聞文章刪除

1.媒體來源:
ettoday

2.記者署名:
記者袁茵／台北報導

3.完整新聞標題:
台灣阿北復活2小時又不見!柯文哲談華航正名 稱川普懂FB被封的痛

4.完整新聞內文:

台北市長柯文哲20日出現新粉專「台灣阿北-柯文哲」，號稱「很台灣、很本土」，結果
活不到4小時就不見；21日又出現新的「台灣阿北-柯文哲」粉絲專頁，直批自己20日的臉
書粉絲專頁被封鎖，「我們的痛，川普懂。」並上傳第二集談華航正名，但不到2小時又
被下架。

柯文哲20日出現新粉專，名為「台灣阿北-柯文哲」，簡介上寫著「論資源，什麼都輸人
家，所以只能跟人家比認真。認真的台灣阿北，請你重新認識 - 柯文哲。」該粉專上午8
時24分先上傳了一支柯文哲自我介紹的26秒影片，提及「這一個新平台有很多東西讓你重
新認識我，新觀念、新思維。」會在此粉專隨時做澄清、更正錯誤訊息，最後文字還打上
「一個很台灣、很本土的平台」。

之後又於上午8時26分上傳名為「認識台灣很難嗎？ 從路名找真的很難！」的3分23秒影
片，大談路名正名，還直批立法院被中國包圍，並暗諷民進黨中央黨部位在北平東路上「
怪怪的」。不過，就在這個「台灣阿北-柯文哲」粉專曝光4小時後，便默默關閉，截至上
午11時左右，僅只有211人追蹤、173人按讚。

到了21日，又出現一個新的「台灣阿北-柯文哲」粉絲專頁，還PO文提及「你的好奇，我
們懂；我們的痛，川普懂。請下載所有貼文影片，臉書秒封鎖粉專不會給答案。」自稱是
柯文哲友人組成的團隊，面對外界報導「因為心虛自行下架粉專，昧於事實，自掰得很厲
害。明明我們是遭到臉書不當檢舉被封鎖的被害人，媒體不查以訛傳訛，傷害我們更大。
」

該粉專提及，「我們不是體制內的發言系統單位，更非熱情粉絲自組的自嗨粉絲專頁。台
灣阿伯-柯文哲粉專是柯市長認證跟他關係緊密的粉專。體制內的發言系統可以說阿北累
了嗎？可以說出真實世界的柯文哲嗎？可以透過這些官方宣傳系統說他心底的話嗎？當然
不可能，所以才叫官方發言系統。」

隨後，這個新的「台灣阿北-柯文哲」粉絲專頁又上傳新影片「新台灣正名運動很民主，
台灣不是中國。China Airlines不是中國的。」柯文哲在影片中提及，正名運動無所不在
，去年疫情爆發期間，中華航空公司載著滿滿口罩和醫療用品援助他國，「當抵達歐美各
國時，斗大的機身上面寫著China Airlines，當初還鬧出笑話，外國人以為是中國送來的
救濟物資。」

柯文哲表示，「中華郵政」曾經正名為「台灣郵政」， 在2008年政黨輪替後又被更名回
「中華郵政」，台灣變成沒有自己的郵政，「又變得好奇怪！」在國際賽事上，台灣選手
遇到的最大的困境，就是「到底『台灣』這個名字能不能出現？」

柯文哲稱，這是最民生的議題，不是嚴肅政治課題，就連最單純的醫護人員組織，最後還
是得面臨「是台灣」、「還是中國」的組織爭議。

這時畫面出現「新台灣正名運動很民主」等字樣，柯文哲強調，身為台灣的一份子 ，「
我不用耍嘴皮說愛台灣，要身體力行的才是重點。如何讓台灣人認識自己的土地？認同自
己的國家？先從看得見、聽得到、受不了的地方開始吧！」

柯文哲表示，「新台灣正名運動，有別於過去很政治的正名運動，我們的正名很民生，很
大也可以很小，從最容易產生共鳴的地方開始，飛機該正名就正名，電玩競賽該正名的就
正名，正名可以無處不在，政治讓人疲累，以民為本，以民生優先，以台灣為首，2021年
起新台灣正名運動元年Day One開始起跑！」

但雖然柯文哲在影片中聲稱，2021年新台灣正名運動元年Day One開始起跑，但這個新的
粉絲專頁撐不過2小時又被下架。
https://i.imgur.com/ut0eBSj.png
▲柯文哲新粉專「台灣阿北-柯文哲」復活。（圖／翻攝自台灣阿北-柯文哲粉專）

5.完整新聞連結 (或短網址):
https://www.ettoday.net/news/20210421/1965038.htm
6.備註:
柯文哲表示萬物都可正名 像中華郵政 中國石油 中華航空 中華隊都該正名

至於2018年柯文哲反對東奧中華隊正名 那個是大家誤解柯文哲了"
[新聞]確診華航機師清真寺活動當日參與活動逾4,2021/4/23,06:32:22,https://www.ptt.cc/bbs/Gossiping/M.1619159545.A.24E.html,swallow753,Gossiping,123,64,13,"1.媒體來源:
聯合新聞網

2.記者署名:
陳雨鑫、陳碧珠

3.完整新聞標題:
確診華航機師清真寺活動當日 參與活動逾400人

4.完整新聞內文:
中央流行疫情指揮中心今天表示，我國4月21日接獲華航通報，該公司1名印尼籍40多歲男
性貨機機師，4月20日執勤至澳洲時，自覺出現喉嚨癢情形，並於當地檢出COVID-19陽性，
指揮中心隨即啟動個案在臺活動史之調查，並針對在臺接觸者匡列及採檢，其中2名接觸者
檢出陽性，於今日確診(案1090、1091)，三名個案都有台北清真寺的共同活動史，目前正
在了解是否為群聚事件，而當天清真寺的活動，參與人數高達400人左右。

指揮中心表示，案1090為印尼籍10多歲男性，為該名機師之同住家人，近期無出國史，4月
21日匡列為居家隔離接觸者，並由衛生單位安排就醫採檢，4月22日出現喉嚨乾痛、暈眩等
症狀，於今日確診(Ct值30)。

指揮中心指出，案1091為印尼籍50多歲男性，為該名機師之同事，4月4日至4月10日曾執勤
至美國，期間無症狀，返臺後於4月15日進行檢疫期滿採檢，結果為陰性；個案4月16日自
覺有疲憊、身體微熱情形，同日中午與該機師及案1090一同於台北清真寺活動，4月18日出
現輕微咳嗽症狀，經服藥後症狀改善，因預計返回印尼探親，4月21日進行自費採檢，於今
日確診(Ct值27)。

指揮中心表示，初步調查，3名個案雖有台北清真寺之共同活動史，但是否為群聚事件，待
進一步調查釐清。由於個案發病前2日至住院隔離前曾有公共場所活動史，提醒曾於附件所
列時間及場所活動的民眾，自主健康管理14天，如有疑似症狀，請儘速戴口罩就醫，並主
動告知醫師活動接觸史。

因應本起事件，目前已掌握接觸者58人，其中2人陽性(案1090、1091)，8人陰性，23人檢
驗中，25人待採檢，接觸者持續匡列中。另為求慎重，將針對該航空公司目前處於居家檢
疫及自主健康管理期間之貨機機組員等，進行擴大採檢。
中央流行疫情指揮中心指揮官陳時中表示，三人參與的清真寺活動，在4/16日那天，參與
活動多達400多人但場地裡面室內只能容納200人，200人在戶外，至於大園清真寺參拜僅是
這三人是去參拜一下，當時沒有多少人。
5.完整新聞連結 (或短網址):
https://udn.com/news/story/120940/5408798"
[問卦]華航是不是改貨運公司不要載客比較賺阿?,2021/4/23,06:39:03,https://www.ptt.cc/bbs/Gossiping/M.1619159946.A.6BB.html,asubelieve,Gossiping,23,10,0,"安安大家好~

小魯我前幾年每幾個月就看到空服員不排除罷工，整個社會怕得半死

公司也怕得半死，政府也怕得半死派一個投降大將軍去割地賠款QQ

結果疫情這一年，不到5%載客，居然大賺錢(黑人問號)

那些不想飛覺得自己可憐的要死，薪水又領很少的人，應該也樂見其成吧~

新聞還說 華航是唯一疫情期間賺錢的公司，季季賺錢@@

那我就想問問，4不4改成華航貨運航空載貨比較實際阿??????"
Re:[問卦]華航是不是改貨運公司不要載客比較賺阿?,2021/4/23,06:46:12,https://www.ptt.cc/bbs/Gossiping/M.1619160374.A.567.html,ccyaztfe,Gossiping,3,2,0,"不可能

華航官股將近5成

這是假民營，真國營的企業

如果華航是純民營，可以為了利益這樣幹

但官股這麼多，肯定就是要賠錢服務旅客aka刁民

這就是我常說的，國營事業都是良心事業，都在為了政策虧錢經營




-
Sent from JPTT on my iPhone"
[新聞]再爆本土病例！華航印尼機師染兒與同事　,2021/4/23,06:48:45,https://www.ptt.cc/bbs/Gossiping/M.1619160527.A.186.html,kukukuma,Gossiping,127,77,10,"1.媒體來源:
蘋果新聞

2.記者署名:
甘芝萁、沈能元、許稚佳／台北報導

3.完整新聞標題:
再爆本土病例！華航印尼機師染兒與同事
3人參加4/16台北清真寺400人聚會
4.完整新聞內文:
中央流行疫情指揮中心4月20日公布2名國籍航空貨機機師確診COVID-19，至昨感染源仍待
釐清。指揮中心今（4/23）13點30分召開臨時記者會，原訂由莊人祥主持，今午臨時宣布
改由指揮官陳時中親自上陣。陳時中說，指揮中心接獲澳洲通知華航一名印尼籍貨機男性
機師檢出陽性，我國今新增兩名接觸者陽性（案1090、1091），均為印尼籍，案1090為10
多歲男性，案1091為50歲男性，相關足跡包括：案1090、案1091、在澳洲檢出陽性的機師
曾在
4/16的12時至13時去過台北清真寺
，在澳洲檢出陽性的機師另於
4/19下午去過大園清
真寺與全聯蘆竹南竹店
。

今新增兩例與在澳洲確診印尼籍機師3人都有在台北清真寺的活動史，是否為群聚還要調
查。
三人到訪台北清真寺參拜時曾有短暫接觸，當天室內、室外各有200人聚集。最新確
診的兩名機師和家人曾到清真寺，當日活動有400多人
，這些有活動史者該怎麼辦？陳時
中表示，3人都有在台北清真寺活動史，是否為群聚還要調查，不過，在室外傳染的關係
很低，在室內活動主要就是調查坐在周遭者，也會請他們採檢。陳時中說，國際疫情仍然
處於升溫狀態，大家一定要確實執行防疫作為、盡快接種疫苗。

案1090（10多歲男童）為2020年9月19日入境後就過沒有出國史，列為本土個案。此外，
案1078、1079病毒經基因序列確定完全相同，為英國變種株，但因為英國變異株是普遍現
在全球流行的變異株，因此也很難判定此兩人是在哪裡被感染，或是誰傳染給誰。陳時中
表示，案1078、案1079、在澳洲確診的機師以及案1091都是華航貨機機師，因此要啟動擴
大採檢，近期要針對華航前艙機組員1270人展開擴大採檢計畫，也呼籲後艙、家人如有症
狀趕快回報採檢。此外，台北清真寺今有相關活動，已緊急通知寺方取消，也要求這周室
內活動不要舉行，同時呼籲4/16有去過台北清真寺者要自主健康管理，有發現症狀要及時
聯絡。陳時中說，案1078、1079和案1091都沒有施打過疫苗，目前華航施打疫苗者約10多
人。

陳時中表示，擴大採檢希望越快越好，如無需居家檢疫、沒有執勤者的擴大採檢希望下周
三天內完成，現在也在安排採檢點，而如是正在執勤者，返台也仍先維持三天居家檢疫，
等檢疫完後再安排。華航機師擴大採檢希望在3天內採檢完畢，其他正在值勤的機師會等
到回國後3天進行採檢。機師確診會不會影響帛琉旅遊泡泡？陳時中說，不會影響。

指揮中心表示，接獲我國某航空公司通報，該公司1名印尼籍40多歲男性貨機機師，4月20
日執勤至澳洲時自覺出現喉嚨癢情形，並於當地檢出COVID-19陽性，指揮中心隨即啟動個
案在臺活動史之調查，並針對在台接觸者匡列及採檢，其中2名接觸者檢出陽性，於今日
確診(案1090、1091)。

案1090為印尼籍10多歲男性，為該名在澳洲確診機師之同住家人，近期無出國史，4月21
日匡列為居家隔離接觸者，並由衛生單位安排就醫採檢，4月22日出現喉嚨乾痛、暈眩等
症狀，於今日確診(Ct值30)。陳時中說，案1090是學生，都在家線上學習印尼課程，4/13
因是齋戒月沒有在外飲食，但4月16日的中午12點至1點和案1091以及澳洲染疫的機師有到
台北清真寺進行聚會活動，在聚會時三人沒有一起碰面，分別在兩個寺內的兩處，聚會後
才在停車場見面，搭乘澳洲染疫機師車子返家。

案1091為印尼籍50多歲男性，為該名在澳洲確診機師的同事，4月4日至4月10日曾執勤至
美國，期間無症狀，返台後於4月15日進行檢疫期滿採檢，結果為陰性；個案4月16日自覺
有疲憊、身體微熱情形，同日中午與該機師及案1090一同於台北清真寺活動，4月18日出
現輕微咳嗽症狀，經服藥後症狀改善，因預計返回印尼探親，4月21日進行自費採檢，於
今日確診(Ct值27)。

初步調查，3名個案雖有台北清真寺之共同活動史，但是否為群聚事件，待進一步調查釐
清。由於個案發病前2日至住院隔離前曾有公共場所活動史(如附件)，提醒曾於附件所列
時間及場所活動的民眾，自主健康管理14天，如有疑似症狀，請儘速戴口罩就醫，並主動
告知醫師活動接觸史。

因應本起事件，指揮中心目前已掌握接觸者58人，其中2人陽性(案1090、1091)，8人陰性
，23人檢驗中，25人待採檢，接觸者持續匡列中。另為求慎重，將針對該航空公司目前處
於居家檢疫及自主健康管理期間之貨機機組員等，進行擴大採檢。

因澳洲有華航機師被驗出陽性，所以在台展開相關檢驗，這名機師是40多歲印尼籍男性貨
機機師，4/20到澳洲時自覺有喉嚨癢的情況，在當地驗出陽性，因此在台採檢接接觸者，
其中2人驗出陽性今日確診分別為案1090、案1091，1090為印尼籍機師的10多歲同住家人
，近期沒有出國史，被匡列為接觸者安排採檢，4/22日出現症狀後確診，Ct值為30。

陳時中表示，今新增兩例與在澳洲確診印尼籍機師3人都有在台北清真寺的活動史，是否
為群聚還要調查。三人到訪台北清真寺參拜時曾有短暫接觸，當天室內、室外各有200人
聚集。最新確診的兩名機師和家人曾到清真寺，當日活動有400多人，這些有活動史者該
怎麼辦？陳時中表示，3人都有在台北清真寺活動史，是否為群聚還要調查，不過，在室
外傳染的關係很低，在室內活動主要就是調查坐在周遭者，也會請他們採檢。

陳時中指出，目前兩名機師和家人的感染途徑，看起來比較像三人中有一人被感染後互相
傳染、不像是在清真寺被感染，後者可能性相對低，但仍需要更多感染路徑才能把事情釐
清的更清楚。

有關案1078及案1079的疫調進度，陳時中說，案1078接觸者有29人已採檢27人，其中25人
為陰性、2人檢驗中，還有2人待採，另案1079的接觸者共139人，其中須採檢136人，目前
所有人經採檢都是陰性。

據《蘋果新聞網》稍早取得消息指，這家國籍航空公司有一名印尼籍機師因休假要返回母
國，自費採驗驗出陽性。據了解，這名印尼籍機師與案1078、1079同屬同一個機隊。這家
國籍航空公司在4月20日指揮中心宣布新增案1078、案1079當天，公司內部發出通告表示
要加強消毒頻率，昨(4/22)又有機組員收到一封通報，指出公司航務處即日起實施分區辦
公，若有洽公事務，請先通知，承辦人員將前往1樓與訪客碰面，辦公室區域僅限辦公室
人員進出。據了解，這名印尼籍機師昨有在公司園區活動，因此衛福部疾管署在昨晚也趕
緊派人前往消毒。今天下午，指揮官陳時中證實這家國籍航空貨機機師隸屬華航，且又有
兩名機師、一名親人確診，其中兩例為我國確診病例案1090、1091。

指揮中心統計，截至目前國內累計20萬1735例新型冠狀病毒肺炎相關通報(含19萬9900例
排除)，其中1090例確診，分別為970例境外移入，78例本土病例，36例敦睦艦隊、2例航
空器感染、1例不明及3例調查中(案1078、1079、1091)；另1例(案530)移除為空號。確診
個案中11人死亡。

5.完整新聞連結 (或短網址):
https://tw.appledaily.com/life/20210423/A5AGWCRXNBGT5MJOXYYZNYOXIE/
6.備註:
怕~~~

好誠實喔!!政客誠實中~"
[問卦]華航機師案1091是違反隔離規定嗎？,2021/4/23,08:15:50,https://www.ptt.cc/bbs/Gossiping/M.1619165752.A.63E.html,zxcelephant,Gossiping,36,24,1,"就是今天確診的案 1091

新聞稿說這位是印尼籍50多歲男性
是在澳洲確診的機師同事
也是華航貨機機師

04.04 ~ 04.10  美國執勤無症狀

返台後於  04.15  進行檢疫期滿採檢，陰性

04.16  自覺有疲憊、身體微熱情形

仍與澳洲確診的機師及其兒子（案1090）
跑到台北清真寺活動

04.18  出現輕微咳嗽症狀，服藥症狀改善

04.21  預計返回印尼探親，自費採檢確診
https://bit.ly/3gE3xmN
那台灣機組人員的規定是

(  04.14 還有再修改一次，不過那是04.15後抵台適用，應該跟案1091無關  )

依110年2月23日嚴重特殊傳染性肺炎中央流行疫情指揮中心第68次會議決議，經「航空器飛
航作業管理規則」第199及284條修正公告，且民航局完成「國籍航空公司實施機組人員防疫
健康管控措施作業原則」公告作業，自110年3月12日凌晨00：00起，長程航班（入境第三級
流行地區）機組員返國後得轉至「低風險」管理模式（
居家檢疫5日+採檢陰性+加強自主健
康管理9日
）。往返英國航班之機組員入境檢疫措施，亦適用前述管理模式。
https://bit.ly/3dH4OY3
7天，包括禁止搭乘公共運輸工具、
禁止出入人數眾多不易維持社交
距離且會近距離接觸不特定人士之場所
、外出必須佩戴口罩、機組員也要詳實記錄行程及接
觸人士等。




這位案1091  在  04.15 採檢陰性後
應該要再   加強自主管理9天   啊
怎麼才一天  04.16  有症狀還跑去參加集會

減少隔離天數已經給方便了
該加強自主管理的時候還跑出來亂

這位案1091要不要開罰啊~~
華航也要出來說明一下這什麼管理制度吧？"
[新聞]華航確診機師曾到全聯蘆竹南竹店業者：,2021/4/23,08:58:24,https://www.ptt.cc/bbs/Gossiping/M.1619168314.A.209.html,MikaHakkinen,Gossiping,13,8,1,"備註請放最後面 違者新聞文章刪除

1.媒體來源:
聯合報

2.記者署名:
記者陳立儀／即時報導

3.完整新聞標題:
華航確診機師曾到全聯蘆竹南竹店 業者：已全面消毒

4.完整新聞內文:

2021-04-23 15:19

華航確診機師4月19日下午4點左右曾到全聯桃園蘆竹南竹店，全聯表示昨天（4月22日）
桃園蘆竹南竹店已進行全面消毒，並採取高規格防疫措施。圖／翻攝自Google地圖

新冠肺炎本土案例再現，日前1名華航印尼籍40多歲男性貨機機師確診新冠肺炎，其接觸
者為同住家人10多歲的男孩（案1090）、同事50多歲印尼籍男性（案1091），根據中央流
行疫情指揮中心公布案1091的足跡，4月16日中午12點至下午1點曾到台北清真寺，4月19
日下午時段曾到大園清真寺參拜、當天下午約4點還曾到全聯桃園蘆竹南竹店，提醒民眾
如果在相關時間也到過同樣場所，務必做好自主健康管理，身體狀況有異常就要即刻通報
。

全聯表示，昨天（4月22日）桃園蘆竹南竹店已進行全面消毒，SOP還包括增用紫外燈室內
殺菌，並用漂白水進行賣場擦拭,，採取高規格防疫措施；全聯護理師也進行門市人員衛
教，如有發燒、咳嗽、嘔吐等感冒或相關症狀的同仁，已要求立即作自主健康管理與自行
居家休養。今天（4月23日）全聯桃園蘆竹南竹店已恢復營業，依循中央疫情指揮中心指
示，採取高規格防疫措施，也請消費者進入賣場務必要戴口罩做好防護。

同時全聯也強調，為了防範疫情，全聯所有門市人員皆持續做好自主防護措施，每天上班
都會戴口罩及量體溫，如有發燒、咳嗽、嘔吐等症狀的同仁，會要求立即作自主健康管理
與自行居家休養；門市環境也有加強環境消毒作業。

5.完整新聞連結 (或短網址):
https://udn.com/news/story/120940/5409066
6.備註:"
[問卦]為啥這次華航確診沒有燒起來？,2021/4/23,10:36:50,https://www.ptt.cc/bbs/Gossiping/M.1619174212.A.3C6.html,crazytaxi123,Gossiping,50,28,1,"上次長榮出確診機長外出約砲
大家拼命轟 文章狂洗

這次華航機長確診外出清真寺參拜
看板上根本沒幾篇文章

是什麼關鍵因素造成這樣的差異？

-
Sent from JPTT on my iPhone
"
[新聞]【不斷更新】華航染疫機師4/16赴台北清,2021/4/23,10:42:34,https://www.ptt.cc/bbs/Gossiping/M.1619174557.A.A2E.html,hatephubbing,Gossiping,368,199,55,"1.媒體來源:
蘋果日報


2.記者署名:
沈能元、許稚佳


3.完整新聞標題:
【不斷更新】華航染疫機師4/16赴台北清真寺400人聚會　查無實聯制！恐釀社區感染


4.完整新聞內文:
中央流行疫情指揮中心4月20日公布2名國籍航空貨機機師（案1078、1079）確診COVID-
19，至昨感染源仍待釐清，指揮中心今（4/23）13點30分召開臨時記者會，原訂由莊人
祥主持，後改由指揮官陳時中親自上陣；陳說，接獲澳洲通知華航一名印尼籍貨機男性
機師檢出陽性，我國展開疫調，今新增2名接觸者確診（案1090、1091），均為印尼籍，
案1090因無出國史列為本土個案。至此我國累計1090例，其中本土78例。時隔72天國內
再爆本土個案，上一例為2月9日公布的案934，為桃園醫院群聚事件病例。

陳時中說明，新增確診個案足跡，包括案1090、案1091、在澳洲確診機師，3人曾一起在
4月16日12時至13時前往台北清真寺，而澳洲確診機師另於4月19日下午去過大園清真寺
與全聯蘆竹南竹店。

台北清真寺基金會說明，今年農曆春節過後，考量到參與每周五「主麻日」的教友人數
變少，加上國內疫情趨緩，因此已取消實聯制。全聯表示，桃園蘆竹南竹店已進行全面
消毒，今已恢復營業。

指揮中心發言人莊人祥則說，已知台北清真寺當日活動未採實聯制，而目前秋冬專案針
對公眾集會活動雖未強制要求實聯制，但仍呼籲未來有類似活動都可採實聯制。

至於台北清真寺接觸者匡列部分，莊人祥說，目前就是以已公告足跡去著手，有相關活
動史者，如有任何不適症狀可主動回報。

?印尼機師父子分別在澳洲、台灣確診

針對個案關係，陳時中說明，案1090為在澳洲確診機師的兒子，2020年9月19日入境後即
無出國史，列為本土個案；今新增2例與澳洲確診機師共3人雖都有在台北清真寺的活動
史，但目前看來比較像3人中有1人先被感染後互相傳染，不像是在清真寺被感染，惟仍
需要更多調查才能把事實釐清。

中央流行疫情指揮中心4月20日公布2名國籍航空貨機機師（案1078、1079）確診COVID-
19，至昨感染源仍待釐清，指揮中心今（4/23）13點30分召開臨時記者會，原訂由莊人
祥主持，後改由指揮官陳時中親自上陣；陳說，接獲澳洲通知華航一名印尼籍貨機男性
機師檢出陽性，我國展開疫調，今新增2名接觸者確診（案1090、1091），均為印尼籍，
案1090因無出國史列為本土個案。至此我國累計1090例，其中本土78例。時隔72天國內
再爆本土個案，上一例為2月9日公布的案934，為桃園醫院群聚事件病例。

陳時中說明，新增確診個案足跡，包括案1090、案1091、在澳洲確診機師，3人曾一起在
4月16日12時至13時前往台北清真寺，而澳洲確診機師另於4月19日下午去過大園清真寺
與全聯蘆竹南竹店。

台北清真寺基金會說明，今年農曆春節過後，考量到參與每周五「主麻日」的教友人數
變少，加上國內疫情趨緩，因此已取消實聯制。全聯表示，桃園蘆竹南竹店已進行全面
消毒，今已恢復營業。

指揮中心發言人莊人祥則說，已知台北清真寺當日活動未採實聯制，而目前秋冬專案針
對公眾集會活動雖未強制要求實聯制，但仍呼籲未來有類似活動都可採實聯制。

至於台北清真寺接觸者匡列部分，莊人祥說，目前就是以已公告足跡去著手，有相關活
動史者，如有任何不適症狀可主動回報。

?印尼機師父子分別在澳洲、台灣確診

針對個案關係，陳時中說明，案1090為在澳洲確診機師的兒子，2020年9月19日入境後即
無出國史，列為本土個案；今新增2例與澳洲確診機師共3人雖都有在台北清真寺的活動
史，但目前看來比較像3人中有1人先被感染後互相傳染，不像是在清真寺被感染，惟仍
需要更多調查才能把事實釐清。

根據指揮中心資料，國內上一次出現本土個案為2月9日公布的案934，該個案為桃園醫院
群聚事件中，染疫護理師案873的大姑，當時護理師一家七口全都確診，今天的案1090是
時隔72天國內再度出本土個案。

案1090在4月22日出現喉嚨乾痛、暈眩等症狀，今確診(Ct值30)，陳時中說，案1090是學
生，都在家線上學習印尼課程，4月13日因齋戒月沒有在外飲食，但4月16日中午12點至
1點和案1091及澳洲確診機師，有到台北清真寺進行聚會活動，但3人是分別在寺內2處聚
會，後才在停車場見面，搭乘澳洲確診機師的車子返家。

?案1091出現症狀當天去過台北清真寺

案1091也是印尼機師，4月4日至10日曾值勤飛美國，期間無症狀，返台後於4月15日進行
檢疫期滿採檢，結果為陰性；個案4月16日自覺有疲憊、身體微熱情形，同日中午與澳洲
確診機師及案1090一同於台北清真寺活動，4月18日出現輕微咳嗽症狀，經服藥後症狀改
善，因預計返回印尼探親，4月21日進行自費採檢，於今日確診(Ct值27)。

陳時中也說，這3人到訪台北清真寺，當天室內、室外各約200人聚集，合計約400人，但
研判在室外傳染的機會很低，在室內活動則主要調查坐在確診病例周遭的人，也會請他
們採檢。

而台北清真寺今本有相關活動，已緊急通知寺方取消，並要求這周不舉行室內活動，同
時呼籲4月16日有去過台北清真寺者要自主健康管理，有發現症狀要及時聯絡。

因應華航機師在澳洲確診事件，指揮中心目前掌握接觸者58人，其中2人陽性 （案1090
、1091），8人陰性，23人檢驗中，25人待採檢，接觸者持續匡列中。另為求慎重，將針
對該航空公司目前處於居家檢疫及自主健康管理期間之貨機機組員等，進行擴大採檢。


莊人祥指出，該名在澳洲被驗出確診的華航機師，4月9日至16日都在台灣，4月16日到台
北清真寺，4月17日和4月18日分別飛了2個短程航班，皆待在機艙內，沒有下機接觸當地
人員，4月19日曾去過大園清真寺和全聯，4月20日執勤飛往澳洲。

?華航擴大採檢1270人

陳時中也說，案1078、1079和案1091都沒有施打疫苗，目前華航施打疫苗者僅10多人。
他提醒，國際疫情仍然處於升溫狀態，大家一定要確實執行防疫作為，並盡快接種疫苗
。他強調，案1078、案1079、澳洲確診機師及案1091都是華航貨機機師，因此近期要對
華航前艙機組員1270人展開擴大採檢，也呼籲後艙、家人如有症狀趕快回報採檢。案10
78、1079均為747機隊機師；據了解，在澳洲確診的機師屬於A330機隊，案1091則屬747
機隊。

此外，陳時中說，擴大採檢希望越快越好，無需居家檢疫、沒有執勤者的擴大採檢希望
3天內完成，現正安排採檢點；如是正在執勤者，返台也仍先維持3天居家檢疫，等檢疫
完後再採檢。

機師確診會否影響帛琉旅遊泡泡？陳時中僅說，目前不會影響。（沈能元、許稚佳／台
北報導）

5.完整新聞連結 (或短網址):
https://bit.ly/3dHEVHO
6.備註:
防疫漏洞竟然開了這麼大洞…是這麼久以來都沒執行還是逐漸鬆散才不做實聯？
不過其實我們到廟裡拜拜或到教會禮拜，最近好像也沒要求登記了。
希望大家都能平安健康。"
[問卦]長榮華航怎麼也用外勞？,2021/4/24,03:41:22,https://www.ptt.cc/bbs/Gossiping/M.1619235684.A.8A8.html,li7915566,Gossiping,12,2,1,"聽說台灣某知名腳踏車品牌

工廠都是外勞

我以為MIT

結果都是外勞做的


怎麼華航開飛機的也是外勞？

長榮開船的也是外勞

被埃及扣押的那艘船 一個台灣人都沒有


為什麼這種也是外勞在做啊？

有沒有八卦？
"
[新聞]在澳洲確診機師接觸者華航又一機師確診,2021/4/24,06:16:42,https://www.ptt.cc/bbs/Gossiping/M.1619245004.A.6AB.html,Skyblueway,Gossiping,67,44,3,"在澳洲確診機師接觸者 華航又一機師確診 感染源調查中
https://youtu.be/PmaLmAIoA_c
中央流行疫情指揮中心21日接獲，華航1名印尼籍貨機機師，在澳洲執勤時確診新冠肺炎，
指揮中心今天宣布，針對該機師接觸者回溯採檢，發現一名貨機機師確診，目前感染源待釐
清。

台灣昨天新增4例確診，其中2例境外移入個案；1例本土個案是在澳洲確診的華航印尼籍貨
機機師的兒子；這名染疫印尼籍機師同事，同是印尼籍貨機師，感染源調查中，暫未歸類。
在澳洲確診的華航印尼籍貨機機師在國外確診，不算入台灣病例中。
https://reurl.cc/xgm1eb
又要開始擔心了嗎？

為什麼要一直開放外籍機師亂跑啊"
[新聞]快訊》機組員確診＋1！華航累積5人染疫,2021/4/24,06:28:48,https://www.ptt.cc/bbs/Gossiping/M.1619245733.A.E4C.html,coolman9972,Gossiping,108,53,15,"新頭殼newtalk | 張家寧 綜合報導 2021.04.24 | 14:16

中央流行疫情指揮中心今(24)日表示，因應華航機師於澳洲檢出武漢肺炎陽性，指揮中心

啟動個案在台活動史之調查，並針對在台接觸者匡列及回溯採檢，莊人祥說明，今日新增

1名回溯採檢者檢出陽性(案1092)，截至目前
華航共5名機組員確診
。

莊人祥表示，案1092為本國籍40多歲男性，為該航空公司之貨機機組員，個案今年4月9日

至4月16日曾執勤至紐西蘭及荷蘭，因出勤需求曾於4月9日及13日進行採檢，結果皆為陰

性，出勤期間無症狀，返台後於4月19日進行檢疫期滿採檢，結果為陰性；個案4月22日執

勤往返日本，返臺後於住家居家檢疫，同日下午因指揮中心針對澳洲檢出陽性機師之接觸

者進行回溯採檢，於今日確診(Ct值35，二採Ct值23，血清抗體陰性)。

指揮中心表示，個案感染源現正調查中，已掌握接觸者共14人，其中5人列居家隔離，9人

列自主健康管理；14名接觸者中，5人已採檢核酸及血清抗體，其中4人核酸檢驗陰性、1

人檢驗中，該5人之血清抗體皆檢驗中，餘9人待採檢。

指揮中心統計，截至目前國內累計1,097例確診，分別為976例境外移入，78例本土病例，

36例敦睦艦隊、2例航空器感染、1例不明及4例調查中；另1例(案530)移除為空號。確診

個案中12人死亡、1,045人解除隔離、40人住院隔離中。
https://newtalk.tw/news/view/2021-04-24/568173
這一波本土感染 好像沒人在意了??????"
[問卦]怪台女、怪華航、怪包商，下次呢,2021/4/24,10:41:43,https://www.ptt.cc/bbs/Gossiping/M.1619260905.A.A52.html,zangetsu9006,Gossiping,27,10,5,"https://i.imgur.com/fYEpKjc.jpg
去年機師染疫，因為有“台籍女性友人”被傳染，再配合仇女系台男，整個風向就是檢討
台女為何這麼愛洋腸
https://i.imgur.com/sDjiVQi.jpg
今年再度爆出機師染疫，因為沒有“台籍女性友人”可以當標靶，風向變成華航沒有積極
讓機師打疫苗的錯

怪台女

怪華航

就是不檢討自己的隔離政策

隔離三天就是隔離三天

台灣有氣質護體，怎麼可能陽性？

會染疫一定不是政府的錯

那麼下次呢？







太魯閣號49條人命還沒一個月

今天又傳出有包商工人闖鐵軌意外

“幸好”這次闖鐵軌的只是工人不是工程車

否則後果不堪設想
https://i.imgur.com/Up34aFl.jpg
種種跡象顯示這個政府沒有把人民放在心上

依舊混吃等死

那麼下次呢？



以下開放1450崩潰




唱衰台灣？

幸災樂禍？

你問題都沒解決，跟我說不會有下一次

你當我白痴？"
[新聞]華航怨「公費疫苗難約」莊人祥：長榮接種,2021/4/24,12:21:51,https://www.ptt.cc/bbs/Gossiping/M.1619266918.A.E2D.html,Kawasumi,Gossiping,113,39,20,"1.媒體來源:
華視新聞


2.記者署名:
朱培妤 綜合報導 x北市


3.完整新聞標題:
華航怨「公費疫苗難約」莊人祥：長榮接種數是華航5倍

4.完整新聞內文:

針對華航出現機師確診染疫，外界也關注機師接種疫苗的情況。華航工會也發聲
批評，指揮中心點名華航機師施打疫苗速度慢，卻不檢討醫護人員的施打率。對
此，指揮中心發言人莊人祥今（24）日回應表示，與目前長榮航空的機師接種疫
苗人數共235人相比，華航機師僅44名施打，進度確實較為落後。

華航工會籲「直接到機場接種」莊人祥回應

華航企業工會今指出，有機師抱怨接種公費疫苗的預約時間時程過長，不方便安
排，建議是否能移至機場，直接替機組人員進行疫苗接種？對此，莊人祥表示，
各家航空公司皆有配合的醫院，只要與醫院洽談好，名額都是無上限，不清楚為
何會有難以安排的情況發生？莊人祥也說，與長榮、星宇航空的公費疫苗預約都
沒發生類似問題，指華航應與配合醫院討論讓疫苗接種流程更順暢。

莊人祥點出，華航機師目前共44人接種疫苗，長榮則有235名機師已接種，的
確華航接種疫苗速度比較落後。但據了解，華航規劃5月底前完成所有機組員的
疫苗接種，是因為現在出現有機師染疫，所以看起來接種速度就比較落後。

華航機師確診 擴大1272人集體採檢

至於華航機師出現確診情形，莊人祥說，已安排1272名華航機師進行集體採檢，
希望先確認感染人數，再進行後續分析，探討是哪個環節出問題。目前將針對未
在居家檢疫或執勤的華航機師等人進行採檢，24日到26日間約470人採檢、27
日到5月1日約390人採檢，總計860人將於5月1日前完成採檢，剩餘其他412人，
因正在進行居家檢疫或執勤，之後也會陸續採檢。


5.完整新聞連結 (或短網址):
https://news.cts.com.tw/cts/life/202104/202104242039840.html
6.備註:
長榮航空484 U質?


-
Sent from JPTT on my HTC_2Q4D100."
[問卦]讓華航確診歸零的好方法是？,2021/4/25,07:14:31,https://www.ptt.cc/bbs/Gossiping/M.1619334873.A.F98.html,Qpera,Gossiping,19,9,1,"現在華航疫情逐漸擴散

有沒有什麼好方法可以讓華航確診數歸零？

我想到一個！

把華航改名那華航就沒有確診惹！

是不是100分？

-
Sent from JPTT on my HTC U11."
[新聞]戰雙標！華航機師反擊：醫護都不敢打,2021/4/25,07:51:31,https://www.ptt.cc/bbs/Gossiping/M.1619337093.A.715.html,cutepatrick,Gossiping,107,28,35,"戰雙標！華航機師反擊：醫護都不敢打

三立新聞網
2021年4月25日 12:15
記者陳宜加／台北報導

華航5名機師染疫，被中央流行疫情指揮中心點名，疫苗施打速度太慢，相差長榮航空5倍
之多，更遭外界質疑「無職業道德」。一名華航機師在臉書反擊，宣布開打才過了14天，
且班表需要調整，機師在無限循環的執勤中，根本無法打。而且，擁有醫療專業的第一級
醫護人員疫苗接種率都只有13.9％，連他們都不敢打，機組員為何要被冠上意願不高的罪
名？醫師有症狀趴趴走沒有職業道德問題、機師有症狀趴趴走就有職業道德問題？

指揮官陳時中點名華航，批評「疫苗打太慢」，指揮中心發言人莊人祥昨天24日提出數據
進一步說明，光是機師的部分，長榮航空共235名機師已接種疫苗，華航卻只有44位，數
據一比相差5倍多，華航施打速度確實比較落後。

有機師反映打疫苗困難重重，排公費施打，接種時間有限制，預約安排還得配合班表，
後續幾天沒有排班才能掛號（施打後48小時不能接受派遣），就算想自費施打，也因為被
要求要求21天內沒有出國紀錄者才可施打，所以很難。

「一整個火大的感覺！」一名華航機師也在臉書反擊，表示指揮中心4月12日才宣布開放
被認為是最高風險、卻被列為第三優先的機組員可以施打疫苗，到昨天才才4月24日；民
航局接著出指引要求接種第一劑之後必須休息48小時才能執勤、這意味著班表必須調整。

另外，長榮只有5架全貨機，對比華航有21 架；機師們在無限輪迴中執勤的組員是長榮4
倍有餘，當然施打進度就會慢，因為輪迴之間還有隔離期這件事；如果想跳過公司，直接
向醫療院所預約施打還會被打槍，因為要完全無出國紀錄21天，「有可能嗎？」

這名機師也說，大家都希望打疫苗，這是肯定的；但是，不論政府或是公司都沒有發布萬
一有嚴重不良副作用該如何自救，關於這些資訊真的是沒有，完全沒有。

華航企業工會理事長劉惠宗也指出，AZ疫苗在國際上有些副作用案例，包括產生血栓，一
旦機師真的遇上了，若不能工作、失能，或甚至死亡，保險有沒有涵蓋？據工會了解，保
險並沒有給付，再去了解因打疫苗成傷害算不算職災，結果也不算職災，管制航空公司空
地勤去配合國家政策時，勞工卻沒有保障，總不能等到出事再看，政府總要有個風險管理
機制，只叫大家打疫苗，但沒有配套，沒有看到後端保障。

這名華航機師還說，擁有醫療專業的第一級醫護人員疫苗接種率都只有13.9％，連他們都
不敢打，機組員為何要被冠上意願不高的罪名？醫師有症狀趴趴走沒有職業道德問題、機
師有症狀趴趴走就有職業道德問題？疫情以來同樣只靠口罩、但事實接觸過最多確診患者
的機場檢疫工作人員以及海關人員都不用隔離，就我們要隔離？「不是要戰職業、而是要
戰雙標。」
https://www.google.com.tw/amp/s/tw.news.yahoo.com/amphtml/%25E6%2588%25B0%25E9
%259B%2599%25E6%25A8%2599-%25E8%258F%25AF%25E8%2588%25AA%25E6%25A9%259F%25E5%2
5B8%25AB%25E5%258F%258D%25E6%2593%258A-%25E9%2586%25AB%25E8%25AD%25B7%25E9%258
3%25BD%25E4%25B8%258D%25E6%2595%25A2%25E6%2589%2593-041513255.html"
[問卦]明天大家都會忘記華航+2對吧？,2021/4/25,12:22:52,https://www.ptt.cc/bbs/Gossiping/M.1619353374.A.317.html,werqq,Gossiping,28,18,0,"嗨嗨嗨 大家晚安

小妹弱弱的問一下

今天又有2名華航機師確診

小妹去shopping 還是一堆人

熱門餐廳還是要排隊

484其實根本沒什麼問題

大家只要戴好口罩就無敵了

有沒有大家明天又會忘記+2的跋掛呢"
Re:[新聞]戰雙標！華航機師反擊：醫護都不敢打,2021/4/26,03:14:51,https://www.ptt.cc/bbs/Gossiping/M.1619406893.A.8BA.html,jerrylin,Gossiping,14,6,2,"台灣的醫護主要接觸的是境內  台灣又沒有幾個境內感染

低危險群本來就是可打可不打

華航機師是要出國接觸境外  高危險群你不打可以  那就乖乖隔離14天

反正隔離跟打疫苗  自己選一個.
看來你不知道機師的生活有多麼多采多姿捏
那這些機師到底是被誰傳染的"
Re:[爆卦]華航機師確診再+2,2021/4/26,06:16:52,https://www.ptt.cc/bbs/Gossiping/M.1619417814.A.422.html,johnny9667,Gossiping,13,4,1,"華航再不打疫苗啊

人家長榮星宇其他航空都肯乖乖打疫苗

就你華航不配合打疫苗

真的是活該確診

"
[新聞]華航機師感染案再新增2例確診感染源調查,2021/4/26,07:06:21,https://www.ptt.cc/bbs/Gossiping/M.1619420783.A.412.html,NaMgAl,Gossiping,54,25,0,"1.媒體來源:
經濟日報

2.記者署名:
謝柏宏

3.完整新聞標題:
華航機師感染案再新增2例確診 感染源調查中

4.完整新聞內文:
中央流行疫情指揮中心今(26)日表示，因應華航（2610）機師於澳洲檢出新冠肺炎疫情陽
性，指揮中心啟動航空公司飛航機師採檢專案，對全數機師人員進行採檢，今日再新增2
名採檢者檢出陽性(案1102、案1105)。

指揮中心指揮官陳時中說明，案1102為本國籍30多歲男性，為該航空公司貨機機師，個案
今年4月6日至4月9日曾執勤美國，返臺後居家檢疫至4月14日，採檢結果為陰性，在臺期
間並無症狀；4月19日至4月22日再次執勤至美國，返臺後於住家進行居家檢疫，4月24日
出現咳嗽、發燒(37.8度)等症狀，4月25日進行期滿前採檢，於今日確診(Ct值18)。個案
感染源正調查中，衛生單位已匡列接觸者6人，皆採居家隔離。

案1105為本國籍40多歲男性，為該航空公司貨機機師，個案今年4月8日至4月10日曾執勤
美國，返臺後居家檢疫至4月15日，採檢結果為陰性，檢疫期間並無症狀；4月25日因飛航
機師採檢專案進行採檢，於今日確診(Ct值32)，個案自述4月19日起出現食慾不佳症狀。
個案感染源正調查中，衛生單位已匡列家庭接觸者3人，列居家隔離，職場接觸者匡列中
。

累計目前為止已有九位機師及其1名家人染疫。指揮中心啟動航空公司飛航機師採檢專案
，陳時中表示，針對華航機組員居家檢疫場所，會加配保警跟護理人員進駐，希望協助他
們把相關細節做更完整。

5.完整新聞連結 (或短網址):
https://money.udn.com/money/story/5612/5414602"
[問卦]長榮華航差別好大喔,2021/4/26,07:40:36,https://www.ptt.cc/bbs/Gossiping/M.1619422838.A.8F5.html,sf910132,Gossiping,19,11,2,"把長榮罵的很難聽，最後開除了事

華航機師同樣不遵守防疫規定並感染

卻沒事一樣

是不是太奇怪了

是不是也要開除才對

國營居然比私營更不注重防疫安全
"
[問卦]華航還不用道歉?,2021/4/27,04:59:42,https://www.ptt.cc/bbs/Gossiping/M.1619499584.A.C4F.html,sf910132,Gossiping,6,4,0,"到底誰當靠山啦,完全沒事感

這真的很可惡

無法管控好自己員工

不按照防疫規定,不好好隔離,還要去大型聚會

現在導致學校停課

華航還是在飛旅遊泡泡的呢

真的是很搞笑
"
[問卦]500元保單能靠這次華航翻身嗎？,2021/4/27,05:38:59,https://www.ptt.cc/bbs/Gossiping/M.1619501941.A.FE0.html,werqq,Gossiping,3,2,0,"嗨嗨嗨 大家午安

小妹想問一下

先前很多人排隊買500元保單

結果買完後 很多人都槓龜了

這次華航的案件

大家覺得買500元保單的人會贏嗎？

有沒有買500元保單的人

現在想什麼的跋掛呢？"
[新聞]【獨家】華航長程機隊全淪陷！9人中鏢查,2021/4/27,11:00:09,https://www.ptt.cc/bbs/Gossiping/M.1619521212.A.314.html,mizuarashi,Gossiping,59,24,6,"1.媒體來源:
蘋果


2.記者署名:
甘芝萁、沈能元、黃仲丘、林芳如


3.完整新聞標題:
【獨家】華航長程機隊全淪陷！9人中鏢查不出源頭　染疫機師關醫院曝無症狀也焦慮



4.完整新聞內文:
中央流行疫情指揮中心昨再公布新增2案國籍機師確診，讓華航確診機師在７天內已累積到9
人，長程線機隊全都淪陷，但尚查無感染源，華航機師們人心惶惶，更有確診機師被通知染
疫時覺得不可思議，因已嚴加保護、小心翼翼，且自覺無症狀，想破頭也不知哪裡可能是破
口。

有華航機師透露，大家都想找出原因，也擔心自己可能曾染疫無症狀、早有抗體，但向主管
詢問，卻被告知除了PCR結果，其他數據一概不會供給華航或是個人，讓他絕望的說，「抽
了我的血卻不告訴我，這只有共產極權國家才會做。」


華航於4月20日新增2名機師案1078、1079的新冠肺炎確診個案，20日另有1名印尼籍機師於
澳洲確診，後續於23日新增該名機師10歲兒、案1090，與同為機師的友人案1091確診。24日
經擴大採檢相關接觸者，再新增1名機師案1092染疫；25日再增兩機師案1100、1101染疫，
指揮中心啟動航空公司飛航機師採檢專案，對全數機師人員採檢，昨再新增2名採檢者檢出
陽性(案1102、案1105)。

?7天9機師染疫　４大長程線機隊全淪陷


7天來已9名機師染疫，且9人分屬747、330、350、777等4個長程線機隊，澳洲確診機師為A3
30機隊，案1078、1079、1091、1100隸屬747機隊，案1092、1101則屬A350機隊，昨新增2例
隸屬777機隊，感染源仍待釐清。

因華航機師一周累計9起確診案，疫情指揮中心要求華航機組員擴大採驗，且自4/25起，執
行過第三級疫區的過夜航班組員返台，居家檢疫期滿除了核酸檢測PCR外，另外需增加血清
抗體篩檢。

由於短時間內擴大採驗，且部立桃園醫院要求造冊才能採驗，讓不少機師到了公司才發現無
法驗，有機師就無奈說，因班表變動大，有些在居家檢疫，有些在外站才剛回台，若能開放
現場報名採驗，會更有效率。

?自覺無症狀卻關醫院莫名其妙　驗血清不給結果莊孝維

但因目前公布的確診個案都尚未查出感染源，也讓機師們非常惶恐。機師T就轉述確診同事
的說法，指他想不到哪裡是破口？因自覺無症狀，被通知確診後被關在醫院也覺得莫名其妙
，甚至醫生也說不知該怎樣治療，只能呆呆等消息。

目前人在外站的機師L也很焦慮，他向公司主管詢問，返台後採驗PCR跟血清抗體的情形，卻
被告知「這次是疾管署出錢對我們的全面普測，只會告訴我們PCR結果，其他數據一概不會
給華航或是個人」，讓他充滿絕望。他認為，這看起來就是一個躲起來做的普篩，「抽了我
的血卻不告訴我，這只有共產極權國家才會做。」

華航則表示，所有的檢測結果都是指揮中心通知，並非由公司通知。有關新冠肺炎疫情資訊
均由指揮中心統一公布，恪遵傳染病防治法相關規範，全力配合疫調，協助釐清相關案例可
能的感染源，以利疫情控制及有效防疫。

?陳時中正面回應　抗體陽性會在3天內通知、也同意發給陰性報告

有機師反應血清採檢後拿不到檢驗報告，懷疑指揮中心資訊不透明？中央流行疫情指揮中心
指揮官陳時中說，原先檢驗報告確實只提供給檢驗陽性個案，陰性是不給報告，但覺得這是
由個人取得的血清，因此個人應該知道，所以往後檢驗陰性者也會給予檢驗報告，可是陰性
者人數多，檢驗報告需要一點時間，而陽性報告則可於3天內提供，如果超過3天沒有拿到報
告就可以安心。

指揮中心針對華航1279位機師進行血清檢驗，指揮中心發言人莊人祥說明，無須居家檢疫、
未位值勤的所有機師已採檢735人，陰性731人、陽性4人(案177、1105及兩名IgG陽性)；檢
疫期滿日機師(含值勤中或檢疫中)已採檢106人，陰性105人，陽性1人(案151)；接觸者機師
已採檢93人，陰性89人，1人IgG陽性，3人檢驗中。

莊人祥說，整體來說，6人血清抗體陽性，有3位都是幾個月前確診過，另外新增三例血清抗
體IgG陽性、IgM陰性，所以應該是幾個月前感染，將針對過去值勤飛航記錄、同行機組員進
行疫調。其中尚未採驗者，正由航空公司安排中。

?陳時中：病毒無所不在　打疫苗就能降低風險

有華航機師認為，他們之前做了很嚴謹的防疫措施仍難以避免染疫，最極端作法就是暫停執
飛。陳時中回應，大家都會擔心，尤其去年疫情剛爆發之初，後來疫情趨緩，民眾擔心也隨
之減少，所以也擔心大家防疫疲乏造成社區破口。可以理解華航機師的擔心，尤其同事們陸
續確診又不清楚在哪遭感染，難以有一個有效的防疫方式。

陳時中說，病毒無所不在，多一分準備，就少一分防疫破口可能性，所以盡速施打疫苗又可
以多一點保障，把行為上的小心、防疫新生活做好，如果能打疫苗就能降低風險，可以飛航
但是要小心。




5.完整新聞連結 (或短網址):
https://tw.appledaily.com/life/20210427/7OX4WXZY5BDWZNW5MLLMJDYTAA/?utm_source=f
acebook&utm_medium=social&utm_campaign=twad_article_share&utm_content=share_link
https://bit.ly/3gH4MkZ
6.備註:
是想隱瞞什麼嗎？不然幹嘛一開始啥都不跟機師們說，怕.jpg"
[新聞]專家：華航機師本土感染機率高,2021/4/28,00:55:33,https://www.ptt.cc/bbs/Gossiping/M.1619571336.A.A95.html,bul,Gossiping,12,5,6,"備註請放最後面 違者新聞文章刪除

1.媒體來源:中時新聞網
2.記者署名:鄭郁蓁 、 陳祐誠
3.完整新聞標題:專家：華航機師本土感染機率高
4.完整新聞內文:
華航機師染疫風暴持續蔓延！華航機師不僅釀本土感染再增1例，指揮中心專案採檢華航1279名機師血清抗體，又新增3例未曾確診的陽性個案，8天以來華航已經有9名機師、2名家屬確診，3名機師抗體陽性，共增14人染疫。感染科權威黃立民表示，抗體結果顯示，病毒從來沒在台灣本土消失，機師在本土被感染機率恐比境外還高，且至少有2波以上感染，建議比照部桃專案，擴大篩檢航空公司外包商、清潔工等所有相關人員，才能避免疫情擴大。

應比照桃醫 擴大包商清潔工篩檢

中央流行疫情指揮中心昨天公布，國內新增1例本土案例案1111，正是最早被澳洲採檢確診印尼籍機師的太太。另為釐清整起機師感染傳播途徑，指揮中心日前啟動航空公司飛航機師採檢專案，截至昨天，血清抗體已採檢934名，結果驗出6名機師抗體陽性，其中3名為過去已公布的確診個案，分別是案151、案177及案1105，另3名從未確診。發言人莊人祥表示，其中3位是先前確診者，另外3人，分別是2名男性機師與1名女性機師，核酸採檢雖為陰性，但血清抗體IgM陰性、IgG陽性，顯示為可能已感染一個月以上，但未被確診的個案。

陳時中表示，會針對這3名血清抗體陽性個案，進行執勤飛航紀錄、同行機組員進行疫調，並對密切接觸者、同住家人，進行核酸檢測及血清抗體檢驗。

氣候暖口罩戴得緊 未爆社區感染

對於多名機師抗體陽性，是否代表早有隱形傳播鏈存在？陳時中表示，觀察感染者並沒有擴及到其他地方，如過去國內也有11名不明感染源，後來引發17人社區傳染，但目前沒看到機師對外傳播，強調還是要等所有人都完成血清抗體後再串連關聯性，檢視是否有傳播地圖，但也可能沒有。

黃立民認為，從血清初步結果顯示病毒存在台灣很久，一直沒有消失，且先被澳洲確診的印尼籍機師應已不是第一波感染，而是早就好幾波後，目前確診者應該只有少數是境外感染，很大部分應是本土感染，且有好幾個感染源頭，但因沒有全面血清調查，之間又都有斷點，才會難查感染源。

若早有多波傳染，為何社區都沒有爆發？黃立民認為，除了與民眾口罩戴得緊外，與最近氣候溫暖有關外，更重要的是國內篩檢數量下降，近兩個月來，醫院醫師主動通報採檢數量大降，不只民眾連醫護都已防疫疲乏，華航事件是警訊，應該要加強採檢。

抗體陽性若逾10人 隱性感染者多

長庚大學新興傳染病防治中心主任施信如表示，從新增抗體陽性個案可看出華航機師間存有隱形傳播鏈，現在應盡快追蹤抗體陽性個案的社區接觸史，避免疫情進一步擴大，指揮中心目前在900多人中驗出6人抗體陽性，還在可接受範圍，若抗體陽性人數超過10人，就比較擔心，可能還有很多隱性感染者。

對於專家分析這次感染非第一波，華航表示無法回應，應由疫情指揮中心來判斷。桃園市機師職業工會常務理事、華航機師陳蓓蓓表示，所有人都很想知道是怎麼回事，大家都在納悶「還能做到什麼程度？」近日許多被採檢者心裡則是五味雜陳，電話或門鈴一響就開始擔心是不是確診要被帶走了。

有航空業主管則認為，防疫破口若在國外，不太會發生跨航線、跨機種的機師感染，有可能是返國後的環境或動線出了問題。
5.完整新聞連結 (或短網址):
https://www.chinatimes.com/newspapers/20210428000406-260114?chdtv
6.備註:"
[新聞]快訊/桃園2小學生為華航染疫機師家人兩,2021/4/28,04:24:02,https://www.ptt.cc/bbs/Gossiping/M.1619583845.A.E63.html,samrt5566,Gossiping,249,146,32,"備註請放最後面 違者新聞文章刪除

1.媒體來源:
TVBS


2.記者署名:
陳郁仁


3.完整新聞標題:
快訊/桃園2小學生為華航染疫機師家人　兩班級停課緊急消毒


4.完整新聞內文:

華航機師確診新冠肺炎案持續延燒，其中一名染疫機師的兒女，就讀桃園某小學，該小學
4月27日晚間獲通報，該國小4年級跟6年級兩名學生為確診機師家人，曾經接觸確診案例
，目前兩生均已居家隔離中。為求慎重，兩個班級自4月28日開始自主停課一週至5月4日
止，5月5日恢復上課。學校會利用線上教學補課。   停課通知已經於4月28晚間11點全數
下達完畢，4位老師亦同步停止上班上課。昨晚，環保局已至學校公共區域及班級內消毒
完畢。



5.完整新聞連結 (或短網址):
https://news.tvbs.com.tw/life/1500262?from=fbarticle&fbclid=IwAR0TgJSwRBfKyA40t9bt9kKZqBnqBXKycPi6M8gSGb1EJ-JcK7DnOJ6DAiI
6.備註:
牙醫再玩阿 又弄到北部市了 ㄏㄏㄏ"
[新聞]2名機師小孩就讀！華航染疫延燒桃園西,2021/4/28,05:11:54,https://www.ptt.cc/bbs/Gossiping/M.1619586717.A.9CA.html,pm2001,Gossiping,35,20,3,"備註請放最後面 違者新聞文章刪除

1.媒體來源:
聯合

2.記者署名:
陳俊智

3.完整新聞標題:
2名機師小孩就讀！華航染疫延燒 桃園西門國小2班級停課一周

4.完整新聞內文:
華航機師染疫事件延燒，有機師檢測新冠肺炎抗體呈陽性反應，疑曾感染病毒，其與就
讀桃園市西門國小的小孩正在居家隔離。而桃園市政府啟動防範機制，機師孩童就讀的班
級即日起停課一周，師生實施自主健康管理，5月5日恢復上課前，改採線上教學方式授課
。

鄭文燦表示，華航機師染疫事件已經累積到11名，有3名經過檢測，有抗體的陽性反應，
因此我們必須要做更大規模的追蹤、隔離和檢測，目前已經請衛福部桃園醫院進駐機場華
航園區，進行抽血、採檢和施打疫苗相關作業，希望在5月10日前能夠完成。

鄭文燦也向中央呼籲，希望擴大追蹤對象，除機組員以外，還要包括地勤、行政和外包人
員都要盡量納入，減少潛在風險的可能性。

另外，桃園市西門國小有2名學生因為是機師家屬，而機師檢測新冠肺炎抗體呈陽性反應
，疑曾感染病毒；目前，學校昨天已完成消毒，機師與學生正在居家隔離，而學生就讀的
班級目前也已停課，班級師生均實施7天自主健康管理，預計5月5日恢復上課，停課期間
改以線上教學方式授課。

鄭文燦說，雖然案件是有抗體反應的機師，感染風險與一般確診案件不同，但以高標準處
理是必要的保護措施。

鄭文燦也說，桃園市公費疫苗施打人數已經超過5千人，自費疫苗也有887人，目前除了11
家責任醫院外，各區衛生所也將加入公費疫苗施打行列，未來施打效率可望更高。

5.完整新聞連結 (或短網址):
https://udn.com/news/story/120940/5418947
6.備註:
重工寫出完整國小名字了耶"
[新聞]武漢肺炎本土增3例抗體陽性華航機師家人,2021/4/28,06:49:03,https://www.ptt.cc/bbs/Gossiping/M.1619592545.A.673.html,relax911,Gossiping,10,6,1,"1.媒體來源:

中央社

2.記者署名:

陳婕翎、張茗喧

3.完整新聞標題:

武漢肺炎本土增3例 抗體陽性華航機師家人確診[影]

4.完整新聞內文:

（中央社記者陳婕翎、張茗喧台北28日電）指揮中心今天宣布國內新增6例武漢肺炎確診

病例，其中3例為境外移入，另有3例本土個案，2例為華航抗體檢驗陽性機師的家人、1例

為加拿大境外移入病例接觸者。

中央流行疫情指揮中心指揮官陳時中在今天下午宣布此消息，武漢肺炎（2019冠狀病毒疾

病，COVID-19）今天新增的3例本土案例中，其中1例（案1112）為境外移入個案非同住家

人，2例（案1113、案1114）為昨天公布華航血清抗體陽性機師同住家人。

陳時中表示，案1112為本國籍70多歲男性，為境外移入個案（案1068、案1106）非同住家

人，近期無出國史，無疑似症狀，曾因案1068居家檢疫期間於住處跌倒，前往該案住處停

留半個多小時，另於案1106居家隔離期間，協助送餐事宜。

陳時中說，衛生單位於26日安排案1112進行接觸者採檢，於今天確診，Ct值26。已初步掌

握個案接觸者190人，列居家隔離。

陳時中指出，案1113為本國籍10多歲男性，為昨天公布華航血清抗體陽性另一機師同住家

人，近期無出國史，無疑似症狀，26日由衛生單位安排進行接觸者採檢，於今天確診，Ct

值36，次日再驗Ct值41，血清抗體IgM陰性、IgG陽性。

個案同住家人，除該名機師外，其餘2名家人之核酸檢測皆為陰性，血清抗體皆呈IgM陰性

、IgG陽性。

陳時中表示，案1114為本國籍40多歲女性，為昨天公布華航血清抗體陽性機師同住家人，

近期無出國史，無疑似症狀，26日由衛生單位安排進行接觸者採檢，於今天確診（Ct值34

，次日再驗核酸檢測陰性，血清抗體IgM陰性、IgG陽性）。

個案同住家人，除該名機師外，其餘2名家人之核酸檢測皆為陰性，其中1人血清抗體IgM

陰性、IgG陽性，另1人血清抗體為陰性。

陳時中指出，依據目前調查結果，武漢肺炎在社區傳播的風險很低，但為求謹慎，將調查

個案及血清抗體陽性者活動史，並針對相關密切接觸者提供免費病毒核酸以及血清抗體檢

驗，以瞭解其健康狀況，同時保護其周邊的親友。（編輯：吳協昌）1100428

5.完整新聞連結 (或短網址):
https://bit.ly/32RX2Vj
6.備註:"
[問卦]華航機師是不是一群自私的傢伙？,2021/4/28,07:52:47,https://www.ptt.cc/bbs/Gossiping/M.1619596369.A.001.html,MacBookAir12,Gossiping,108,61,6,"一個華航機師，印尼籍的，享有政府給予的特殊隔離期間，
但還是偷偷跑去清真寺聚會，搞到現在整個情形越來越可怕。

華航機師，先說疫苗接種時間不好安排，而且又說希望政府保障疫苗注射後的安全，

先說，長榮機師接受注射的人數屌打華航，連還沒什麼飛的星宇機師也都開始接受了，
所以華航的機師說法是不是證明了他們不願意接受疫苗呢？

說到底，就是怕AZ疫苗的問題啦，
我覺得華航機師可以不要注射疫苗啦，
但就是要乖乖的接受每趟14天隔離+7天自主隔離。
你說，這樣薪水會大幅減少，對啊，多少人還因為疫情沒有工作，
你們還能討價還價薪水？

如果想要享有現在的待遇，就請乖乖注射疫苗，風險自負。
每個職業都有接受/不接受疫苗的選擇，但是相關權利義務也必須承擔。"
[問卦]這波華航本土感染是人禍嗎？,2021/4/28,10:47:12,https://www.ptt.cc/bbs/Gossiping/M.1619606834.A.482.html,Aaso,Gossiping,15,9,1,"這次華航連環爆 家人幾乎都確診了

如果機師也乖乖居家檢疫14天

疫情就不會擴散出去了

經過這次 政府會對航空業加強控管嗎

還是繼續讓航空業成為台灣的防疫破口？"
[問卦]空運防疫物資到印度，華航機身要印甚麼?,2021/4/28,23:45:53,https://www.ptt.cc/bbs/Gossiping/M.1619653555.A.951.html,serenemind,Gossiping,20,10,2,"印度現在宛如人間煉獄

我們已經決定出手幫忙了

可是如果華航載運物資過去

機身上印著China Airline

會被人以為是中國在幫助印度

那華航機身上要印甚麼，才不會被誤會呢?
"
[新聞]疫情又擴大？華航居檢飯店諾富特今要求,2021/4/29,01:44:27,https://www.ptt.cc/bbs/Gossiping/M.1619660670.A.08A.html,Supergreen,Gossiping,24,12,3,"https://udn.com/news/story/120940/5421279?from=udn-ch1_breaknews-1-0-news
疫情又擴大？ 華航居檢飯店諾富特今要求清空 機組員人心惶惶
2021-04-29 09:02 聯合報 / 記者邱瓊玉、邱宜君／台北即時報導

華航機師染疫風暴持續延燒，至今已9名機師、2名機師家人確診，基於防疫需求，華航昨
天起，機組員返台居家檢疫處所改一人一戶，不過今天卻有機師反映，原本返台後，原本
是在華航機組人員檢疫用的諾富特飯店進行居家檢疫，不料今天清晨時分突然被通知要全
棟大消毒，上午又廣播要大家全部移到集中檢疫所，搞不清楚到底發生什麼事。對此，華
航表示，有關疫情資訊由中央流行疫情指揮中心統一公布。

實際上，華航近期接二連三有機師確診，外界一度懷疑是不是華航機組人員檢疫用的飯店
管理、清消出了問題。不過指揮中心昨表示，經過兩天實地勘查，安全管理都有專人管制
，居家檢疫是六層獨棟，與其他旅客沒有接觸，每個樓層角落都有監視器，中控室影像清
晰；且飯店10人24小時輪班，也都有警鈴、電子鎖，APP有自動上傳健康狀況到總部，垃
圾、送餐、清潔、消毒等流程都檢視過，狀況良好。

不料今天卻遭通知，需要全部移到集中檢疫所，也讓機師人心惶惶，擔憂疫情是否又再擴
大。

副指揮官陳宗彥並未證實是否清空飯店，面對外傳可能有機組員或飯店員工確診，也未做
回應，僅低調表示「我們會等確認情況之後，再一起說明。」"
[問卦]所以為什摸華航機師不打疫苗,2021/4/29,02:38:46,https://www.ptt.cc/bbs/Gossiping/M.1619663928.A.11F.html,Dontco,Gossiping,18,4,6,"欸欸 所以我說

為什摸華航機師不打疫苗

然後自己天生神力只隔離幾天就放出來

把那些乖乖隔離隔離14天的當傻子嗎



現在疫情擴大

誰應該要出來切腹謝罪啊

機師 民代 還是掃地阿姨啊

Sent from
BePTT"
[新聞]華航諾富特飯店驚傳淨空,2021/4/29,02:46:49,https://www.ptt.cc/bbs/Gossiping/M.1619664411.A.875.html,eva77,Gossiping,95,51,5,"華航諾富特飯店驚傳淨空 陳時中下午2時指揮中心記者會

2021-04-29 10:26聯合報 記者楊雅棠／台北即時報導


華航諾富特飯店清晨驚傳全棟消毒，機組員需集體移動到集中檢疫所，是否代表機師染疫
案往社區擴散？中央流行疫情指揮中心下午2時舉行記者會，將由指揮官陳時中親自對外
說明疫情以及防疫作為。

針對諾富特飯店消毒一事，以及
是否有飯店員工確診。副指揮官陳宗彥上午並未證實是否
清空飯店，對是否有機組員或員工確診也未做回應，僅低調表示「我們會等確認情況之後
，再一起說明。」
醫療應變組副組長
。

國內昨天新增三名新冠肺炎本土案例，其中兩例為抗體陽性華航機師的家人、一例為加拿
大境外移入病例的接觸者。華航已有九名機師染疫，另有三名血清抗體陽性、四名機師家
人被感染。

但指揮中心指揮官陳時中昨天指出，尚未發現連起來的傳播線，是否為本土感染，待1279
人都採檢完畢，屆時將由專家討論，圖像才會更清楚。
https://money.udn.com/money/story/5658/5421398?from=edn_breaknewstab_index
好恐怖喔  是發生什麼事嗎?  怎麼又是在桃園阿
鄭文燦之前不是很愛爬爬走....現在怎麼都變成隱形人了"
[新聞]【機師染疫】鄭文燦證實：華航諾富特飯,2021/4/29,02:54:02,https://www.ptt.cc/bbs/Gossiping/M.1619664847.A.268.html,MoWilliams,Gossiping,371,196,26,"1.媒體來源:
蘋果日報


2.記者署名:
吳詠平

3.完整新聞標題:
【機師染疫】鄭文燦證實：華航諾富特飯店1主管染疫　422人撤離消毒14天

4.完整新聞內文:

針對華航機師疫情，桃園市長鄭文燦今天（29日）上午在桃園市議會接受質詢時坦承，疫
情有擴大趨勢，如何築起防火強避免社區感染風險確實是當務之急，有信心中央地方合作
可以把必要措施做到沒有破口。鄭文燦表示，諾富特一名主管確診染疫，由於他在飯店會
四處走動，難以防範所以淨空，422人安置其他防疫旅館，諾富特消毒淨空14天。

鄭文燦表示，華航園區已由桃園醫院人員進駐，進行核酸檢測、抽血驗抗體、注射疫苗，
除機師外擴大到機組員，每天可以做2百人，預定5月10日前要做完，華航也啟動兩班制上
班，特別在打疫苗方面，希望華航配合盡快打完防護力才會提高。

鄭文燦說，目前衛福部長陳時中與桃園衛生局長在華航諾富特執行淨空，因為昨日疫情考
量，有422人要送到集中檢疫所和防疫旅館，諾富特消毒後要靜置14天以上。已要觀旅局
準備防疫旅館提供外籍航空公司需求，另諾富特有桃捷經過，也請桃捷公司對機場兩站進
行消毒。

鄭文燦表示，目前這階段機師極其家屬在桃園社區近距離接觸地點和足跡，會即時消毒，
經歷過上次桃園醫院事件，桃市府會以高標準防護。（突發中心吳詠平／桃園報導）




5.完整新聞連結 (或短網址):
https://tw.appledaily.com/life/20210429/26DOZXCQNJFBFEUTTMNUUY73YE/
6.備註:
本土疫情要再爆發一波了嗎??"
Re:[新聞]與華航機組員代表座談鄭文燦:會反映爭取,2021/4/29,03:01:14,https://www.ptt.cc/bbs/Gossiping/M.1619665276.A.EF6.html,semih,Gossiping,11,4,0,"https://tinyurl.com/89npc8t6
4/8 市府新聞稿
  鄭市長傾聽第一線航空機組人員需求，支持機組人員達成身心健康平衡

  4/8 華航還去找鄭文燦 希望鄭文燦跟CDC反應 希望能夠鬆綁
  結果現在華航少數機師陽性.....
  再回頭看這新聞真的諷刺

  長榮 星宇 能
  就你華航疫苗打最慢 還被CDC莊人祥酸"
[問卦]華航要怎麼負責,2021/4/29,04:39:49,https://www.ptt.cc/bbs/Gossiping/M.1619671191.A.AB7.html,kidujef,Gossiping,12,5,2,"這次真的是很不應該

機師為啥隔離那麼短

還在那邊到處亂跑

機師高風險還在那邊亂，老鼠屎

請問這次華航要怎麼負責
"
[新聞]華航機師案翻轉為飯店群聚？陳時中：外,2021/4/29,06:39:15,https://www.ptt.cc/bbs/Gossiping/M.1619678359.A.430.html,sukiyasuica,Gossiping,20,6,2,"1.媒體來源:聯合


2.記者署名:邱宜君


3.完整新聞標題:華航機師案翻轉為飯店群聚？ 陳時中：外站染疫仍高


4.完整新聞內文:
2021-04-29 14:36 聯合報 / 記者楊雅棠、黃惠群、邱宜君、陳碧珠／台北即時報導

華航機師染疫案擴大，除機師染疫外，連機師居住的防疫旅館也驗出員工染疫。而外傳這
名員工病情危急，對此指揮中心指揮官陳時中表示，該名員工確實在加護病房診治中。而
從今天的疫情發展，陳時中不排除是飯店群聚案，但仍認為是個別外站染疫機率高。

陳時中表示，該名員工於4月27、28發病採檢，調閱病歷後發現該案在17日就開始有相關
症狀，因此可能在4月15日便已進入可傳染期，因此一得到訊息，經過疫調評估後，決定
清空飯店。

陳時中，由於與飯店本身有關聯的不包括這位員工，機師就有六人，案1079包括在內。而
案1078與案1079飛同一個航程。

這名員工為房務主管，通常清潔房間是房客離開房間後，房間會先消毒過，消毒時會戴手
套、口罩、面罩、穿防護衣再做全套消毒，靜置30分鐘後清潔人員才進去做擦拭收拾，這
時並沒有穿防護衣。最後才由案1120這樣的房務主管進去檢查看工作是否完成。

但是否為這名員工傳染給六名機師？陳時中表示，如果假定單純是這位員工傳給六位機師
的可能性很低，比較可能是由這些房間環境傳給清潔人員，機師也可能是跟環境接觸而染
疫。不過清潔人員中是否有人染疫，目前也不敢確定。

目前認為環境裡面有病毒在，清潔人員因此染疫，有的發病、有的沒有，而人與人接觸下
發生傳染情形，內部有傳播鏈，因此採取嚴格措施，全部清空。


5.完整新聞連結 (或短網址):
https://reurl.cc/XenXre
6.備註:"
Re:[新聞]機師染疫事件華航：沒有一刻鬆懈,2021/4/29,11:57:20,https://www.ptt.cc/bbs/Gossiping/M.1619697442.A.C64.html,elite9q,Gossiping,5,4,0,"之前長榮紐西蘭籍機師的時候，長榮動作多快。

長榮不只開除了紐西蘭籍機師而已，

長榮總共開除了四個空服員，兩個機師，總共六個。

一下子就徹查出來誰違反規定，馬上開除。

華航我問你，這事情到現在多久了。

問題出在哪你查清楚了沒?!

沒有一刻鬆懈，恩。
"
[新聞]快訊／華航華航諾富特重症員工3度赴三重,2021/4/29,12:06:44,https://www.ptt.cc/bbs/Gossiping/M.1619698006.A.E27.html,john0515,Gossiping,40,16,5,"記者羅婉庭／新北報導
華航機師染疫風暴持續擴大，昨又增2起本土COVID-19病例，衛福部29日表示，諾富特飯店
中級主管（案1120）確診新冠肺炎。據了解，該主管出現症狀後在新北市三度前往三重區某
診所就醫，新北市接獲中央通知後，環保局派遣人力到場進行大規模消毒，該診所也緊急歇
業。不過，市府發言人蔣志薇表示，以中央流行疫情指揮中心公布的資訊為準。
衛福部於記者會上表示，案1120在確診前有出現咳嗽、流鼻水等症狀，並三度至診所就醫，
因驗出肺炎確診，現已送進ICU病房，目前屬於重症患者，指揮中心也通知該診所先行歇業
。據了解，新北市環保局獲報後前往該診所消毒，範圍以診所周邊環境為主，到場後約2小
時完成消毒工作。衛生局也表示，協助居家檢疫和自主健康管理者的後續安排，全力配合中
央指示。
[廣告]請繼續往下閱讀...

指揮中心發言人莊人祥表示，指揮中心已利用健保就醫資料查詢當天前後時段前往該診所就
診的病人，衛生局會進行通知，不另行公佈該診所及縣市。
此外，指揮中心陳時中指出，初步研判飯店內部可能有傳播鏈，在人與人接觸下，恐怕有互
相傳染情形，且環境也已經遭污染，因此採最嚴格措施，全員隔離，截至今天，需要撤離者
約412人，約員工207人、本國籍機師109人、外籍機師76人、其他一般房客等、已經撤到集
中檢疫所。
諾富特桃機飯店一部分做為防疫旅館 、一部分收住一般旅客，截到中午207名飯店員工已有
178人離開、3人發燒送醫，另外25人留在旅館善後，已經在下午5點完成清空。


原文網址: 快訊／華航諾富特重症員工3度赴三重某診所就醫　今緊急歇業大規模消毒 | ET
today政治新聞 | ETtoday新聞雲
https://reurl.cc/YWzXWl"
[問卦]華航改名度進度到哪了?,2021/4/30,11:17:25,https://www.ptt.cc/bbs/Gossiping/M.1619781450.A.AD2.html,asubelieve,Gossiping,18,6,3,"安安大家好~

請問一下之前華航改名全台灣都贊成

難得國民兩黨朝野沒人反對改成台灣航空~這麼HIGH的話題

怎麼突然都沒人再提了@@

該不會只是嘴砲隨口講講的吧...害我期待這麼久QQ
"
[問卦]這次華航機師疫情破口會不會跟之前的破口,2021/4/30,15:35:41,https://www.ptt.cc/bbs/Gossiping/M.1619796944.A.2CE.html,nk11208z,Gossiping,16,6,4,"這次華航機師造成的疫情破口,會不會跟前幾次的破口一樣

時間一到疫情自然消失

像是敦睦艦隊,明明四處趴趴走卻莫名其妙的沒有疫情

還有去年的紐西蘭機組人員造成的破口,也是控制住

加上今年法籍的也是,還有部桃都有控制住

這次機組人員造成的破口會不會也會也會莫名其妙地控制住

當然這都是好事

只是我很不解是台灣人天生神力嗎?
還是有某種無形的力量在保護台灣?

"